timestamp,mode,feats_down_size,effective_correspondence_count,residual_mean,residual_std,residual_max,signed_dist_abs_mean,signed_dist_abs_std,signed_dist_abs_max,surface_score_mean,surface_score_std,tangent_lp_mean,tangent_lp_std,tangent_lp_max,planarity_mean,planarity_std,acceptance_ratio,match_time,solve_time,kdtree_search_time,kdtree_incremental_time
0.299509,hybrid_plane_surface,350,198,0.012189,0.012199,0.073569,0.012189,0.012199,0.073569,0.937546,0.049644,0.743091,0.641878,3.348519,0.999069,0.002274,0.565714,0.001018,0.000014,0.001149,0.000273
0.399745,hybrid_plane_surface,335,197,0.011739,0.014977,0.103377,0.011739,0.014977,0.103377,0.943154,0.058760,0.511236,0.419212,2.451974,0.998626,0.003189,0.588060,0.001130,0.000020,0.001219,0.000192
0.499587,hybrid_plane_surface,330,192,0.014697,0.023569,0.241997,0.014697,0.023569,0.241997,0.933856,0.081032,0.475548,0.371750,2.021531,0.998043,0.004948,0.581818,0.001005,0.000015,0.001097,0.000129
0.599417,hybrid_plane_surface,323,183,0.015594,0.020592,0.113118,0.015594,0.020592,0.113118,0.927975,0.078722,0.493693,0.373989,1.905504,0.998204,0.003580,0.566563,0.001248,0.000018,0.001510,0.000127
0.700050,hybrid_plane_surface,334,184,0.013832,0.021903,0.170805,0.013832,0.021903,0.170805,0.937283,0.077069,0.451260,0.385957,1.938971,0.998325,0.003797,0.550898,0.001120,0.000017,0.001349,0.000100
0.799881,hybrid_plane_surface,321,177,0.013195,0.015729,0.101003,0.013195,0.015729,0.101003,0.936254,0.063743,0.475808,0.358509,1.929791,0.998780,0.002072,0.551402,0.000962,0.000013,0.001304,0.000198
0.899707,hybrid_plane_surface,350,185,0.014266,0.023187,0.241487,0.014266,0.023187,0.241487,0.935193,0.076696,0.400360,0.348602,1.968209,0.998502,0.002703,0.528571,0.001237,0.000015,0.001264,0.000101
0.999539,hybrid_plane_surface,322,181,0.014304,0.018548,0.171739,0.014304,0.018548,0.171739,0.933133,0.070408,0.458372,0.332707,1.587470,0.998556,0.002898,0.562112,0.001081,0.000019,0.001236,0.000091
1.099395,hybrid_plane_surface,322,176,0.015415,0.023555,0.224286,0.015415,0.023555,0.224286,0.929539,0.082065,0.455066,0.355645,1.876204,0.998650,0.002773,0.546584,0.001034,0.000017,0.001391,0.000065
1.200050,hybrid_plane_surface,345,200,0.014448,0.017201,0.113443,0.014448,0.017201,0.113443,0.932542,0.067210,0.428483,0.322156,1.466132,0.998171,0.004754,0.579710,0.001493,0.000030,0.001612,0.000138
1.299877,hybrid_plane_surface,346,183,0.013853,0.017727,0.138199,0.013853,0.017727,0.138199,0.934641,0.069075,0.441040,0.354905,2.039089,0.998690,0.002271,0.528902,0.001115,0.000017,0.001346,0.000054
1.399706,hybrid_plane_surface,334,190,0.013758,0.021316,0.212286,0.013758,0.021316,0.212286,0.935879,0.072697,0.447803,0.335897,1.721465,0.998570,0.002486,0.568862,0.001085,0.000019,0.001324,0.000066
1.499542,hybrid_plane_surface,349,200,0.013695,0.017618,0.149362,0.013695,0.017618,0.149362,0.937210,0.064189,0.415184,0.345700,1.622931,0.998616,0.002379,0.573066,0.001142,0.000015,0.001500,0.000056
1.599378,hybrid_plane_surface,341,185,0.013239,0.017804,0.117577,0.013239,0.017804,0.117577,0.937854,0.072874,0.410500,0.331366,1.400267,0.998765,0.002045,0.542522,0.001268,0.000018,0.001425,0.000033
1.700006,hybrid_plane_surface,335,190,0.013634,0.015989,0.110262,0.013634,0.015989,0.110262,0.937227,0.061132,0.441259,0.349293,1.793572,0.998074,0.003346,0.567164,0.001201,0.000015,0.001407,0.000044
1.799839,hybrid_plane_surface,336,180,0.013636,0.017603,0.145327,0.013636,0.017603,0.145327,0.935493,0.069594,0.412419,0.314297,1.464152,0.998532,0.002452,0.535714,0.001417,0.000018,0.001513,0.000075
1.899679,hybrid_plane_surface,342,189,0.012770,0.016278,0.147096,0.012770,0.016278,0.147096,0.937357,0.061124,0.429936,0.347406,1.730295,0.997958,0.003584,0.552632,0.001205,0.000014,0.001511,0.000035
1.999515,hybrid_plane_surface,317,172,0.014112,0.018889,0.174260,0.014112,0.018889,0.174260,0.934017,0.067221,0.447126,0.331200,1.730105,0.998366,0.002720,0.542587,0.001032,0.000017,0.001252,0.000039
2.099738,hybrid_plane_surface,343,185,0.014488,0.019195,0.142938,0.014488,0.019195,0.142938,0.933766,0.071749,0.394241,0.310364,1.749889,0.998105,0.003598,0.539359,0.000942,0.000014,0.001337,0.000045
2.199580,hybrid_plane_surface,312,177,0.011722,0.011967,0.069098,0.011722,0.011967,0.069098,0.942404,0.050707,0.419407,0.314521,1.587116,0.998386,0.002718,0.567308,0.001024,0.000017,0.001233,0.000084
2.299423,hybrid_plane_surface,328,182,0.014517,0.018966,0.168618,0.014517,0.018966,0.168618,0.932770,0.068224,0.414279,0.322953,2.060705,0.998318,0.002866,0.554878,0.000894,0.000013,0.001193,0.000026
2.400054,hybrid_plane_surface,339,195,0.013386,0.013876,0.094629,0.013386,0.013876,0.094629,0.936790,0.056169,0.403851,0.312015,1.375578,0.998225,0.003007,0.575221,0.001399,0.000017,0.001586,0.000028
2.499905,hybrid_plane_surface,330,183,0.015554,0.020963,0.209423,0.015554,0.020963,0.209423,0.929001,0.073426,0.439859,0.349310,1.710978,0.997918,0.003975,0.554545,0.001301,0.000018,0.001478,0.000031
2.599730,hybrid_plane_surface,334,183,0.013632,0.017543,0.160446,0.013632,0.017543,0.160446,0.936075,0.063255,0.403338,0.332787,2.016147,0.997766,0.003986,0.547904,0.001089,0.000013,0.001452,0.000080
2.699579,hybrid_plane_surface,348,201,0.015218,0.019298,0.146441,0.015218,0.019298,0.146441,0.929061,0.076326,0.426964,0.316141,1.518096,0.998295,0.002908,0.577586,0.001183,0.000020,0.001293,0.000035
2.799410,hybrid_plane_surface,343,186,0.014788,0.021021,0.157936,0.014788,0.021021,0.157936,0.931599,0.080361,0.437834,0.335449,1.611399,0.998128,0.003523,0.542274,0.000966,0.000012,0.001312,0.000011
2.900033,hybrid_plane_surface,342,183,0.011937,0.011884,0.087769,0.011937,0.011884,0.087769,0.942626,0.047841,0.409717,0.332707,1.649809,0.998260,0.003076,0.535088,0.001203,0.000013,0.001479,0.000045
2.999876,hybrid_plane_surface,339,182,0.013615,0.016622,0.127137,0.013615,0.016622,0.127137,0.936132,0.061691,0.431755,0.342513,1.502815,0.997904,0.003606,0.536873,0.000967,0.000014,0.001250,0.000030
3.099717,hybrid_plane_surface,333,183,0.013500,0.014868,0.085456,0.013500,0.014868,0.085456,0.934066,0.061562,0.439757,0.353104,1.624090,0.997661,0.004344,0.549550,0.001152,0.000018,0.001348,0.000037
3.199560,hybrid_plane_surface,327,176,0.012563,0.013621,0.077146,0.012563,0.013621,0.077146,0.938317,0.057640,0.420213,0.317939,1.461980,0.997972,0.003620,0.538226,0.001231,0.000017,0.001304,0.000050
3.299394,hybrid_plane_surface,347,189,0.014346,0.017714,0.144616,0.014346,0.017714,0.144616,0.933814,0.061692,0.392341,0.366072,2.224005,0.997167,0.005498,0.544669,0.001204,0.000014,0.001488,0.000065
3.400032,hybrid_plane_surface,320,169,0.012214,0.011771,0.066910,0.012214,0.011771,0.066910,0.941064,0.051355,0.403147,0.338847,1.869405,0.998181,0.002963,0.528125,0.001026,0.000014,0.001179,0.000018
3.499873,hybrid_plane_surface,339,184,0.014126,0.018680,0.159586,0.014126,0.018680,0.159586,0.935551,0.065667,0.391097,0.304990,1.613606,0.997807,0.004110,0.542773,0.000998,0.000014,0.001433,0.000051
3.599713,hybrid_plane_surface,325,185,0.013292,0.017651,0.190604,0.013292,0.017651,0.190604,0.938115,0.063854,0.389652,0.292105,1.318521,0.997912,0.003917,0.569231,0.000973,0.000013,0.001238,0.000039
3.699547,hybrid_plane_surface,339,185,0.013232,0.021050,0.220794,0.013232,0.021050,0.220794,0.938413,0.070144,0.418755,0.335480,1.656912,0.997980,0.003747,0.545723,0.000943,0.000014,0.001316,0.000023
3.799398,hybrid_plane_surface,330,176,0.013577,0.018998,0.168651,0.013577,0.018998,0.168651,0.938077,0.063154,0.419646,0.330099,1.575289,0.997780,0.004433,0.533333,0.001114,0.000011,0.001480,0.000031
3.900033,hybrid_plane_surface,346,188,0.012720,0.015475,0.133073,0.012720,0.015475,0.133073,0.938119,0.061519,0.442366,0.352879,1.779961,0.998052,0.003833,0.543353,0.001065,0.000013,0.001379,0.000027
3.999873,hybrid_plane_surface,342,175,0.012952,0.015487,0.110246,0.012952,0.015487,0.110246,0.938114,0.059664,0.436771,0.332145,1.913959,0.997781,0.004624,0.511696,0.001109,0.000017,0.001308,0.000028
4.099734,hybrid_plane_surface,343,180,0.013303,0.016304,0.100435,0.013303,0.016304,0.100435,0.938599,0.061346,0.428332,0.336664,1.628453,0.997947,0.003981,0.524781,0.000938,0.000013,0.001308,0.000021
4.199594,hybrid_plane_surface,346,184,0.014273,0.020415,0.155566,0.014273,0.020415,0.155566,0.935245,0.068409,0.431274,0.345526,1.824059,0.997424,0.004651,0.531792,0.000998,0.000014,0.001379,0.000030
4.299442,hybrid_plane_surface,324,173,0.012880,0.015232,0.090906,0.012880,0.015232,0.090906,0.939392,0.056288,0.429442,0.332170,1.750412,0.997680,0.004779,0.533951,0.001054,0.000013,0.001339,0.000023
4.399693,hybrid_plane_surface,321,166,0.012121,0.013758,0.076996,0.012121,0.013758,0.076996,0.940017,0.057931,0.442976,0.333833,1.563022,0.997904,0.003688,0.517134,0.000942,0.000013,0.001328,0.000021
4.499546,hybrid_plane_surface,344,175,0.013407,0.016662,0.130888,0.013407,0.016662,0.130888,0.938923,0.055036,0.402366,0.328843,1.749225,0.997236,0.005369,0.508721,0.001023,0.000013,0.001356,0.000032
4.599383,hybrid_plane_surface,324,171,0.013024,0.013606,0.084241,0.013024,0.013606,0.084241,0.939170,0.051849,0.430820,0.326704,1.726980,0.997944,0.003476,0.527778,0.001232,0.000017,0.001425,0.000020
4.700023,hybrid_plane_surface,340,173,0.013726,0.017696,0.168344,0.013726,0.017696,0.168344,0.937596,0.057389,0.405962,0.306228,1.601342,0.997792,0.004187,0.508824,0.001103,0.000012,0.001544,0.000023
4.799875,hybrid_plane_surface,332,174,0.013156,0.014399,0.087683,0.013156,0.014399,0.087683,0.939626,0.055109,0.400452,0.320895,1.351996,0.997802,0.004403,0.524096,0.001222,0.000015,0.001477,0.000013
4.899714,hybrid_plane_surface,337,179,0.013662,0.019812,0.212714,0.013662,0.019812,0.212714,0.938768,0.056528,0.407177,0.305224,1.471388,0.997425,0.004842,0.531157,0.000953,0.000013,0.001339,0.000013
4.999548,hybrid_plane_surface,326,178,0.014042,0.017835,0.152413,0.014042,0.017835,0.152413,0.937179,0.057032,0.413981,0.332986,1.442251,0.997453,0.004860,0.546012,0.001433,0.000013,0.001522,0.000062
5.099383,hybrid_plane_surface,347,186,0.013739,0.017131,0.119533,0.013739,0.017131,0.119533,0.935568,0.064515,0.435383,0.335326,1.478893,0.997832,0.004464,0.536023,0.000728,0.000011,0.000943,0.000014
5.200034,hybrid_plane_surface,340,173,0.014005,0.019302,0.129842,0.014005,0.019302,0.129842,0.935482,0.072159,0.428734,0.320624,1.439987,0.997445,0.005351,0.508824,0.000922,0.000011,0.001229,0.000017
5.299870,hybrid_plane_surface,347,186,0.012627,0.014116,0.111198,0.012627,0.014116,0.111198,0.941062,0.053613,0.420115,0.330043,1.560742,0.998020,0.003861,0.536023,0.001310,0.000019,0.001486,0.000027
5.399695,hybrid_plane_surface,348,179,0.013256,0.018825,0.180744,0.013256,0.018825,0.180744,0.939841,0.056959,0.408050,0.325568,1.370974,0.997524,0.004752,0.514368,0.001061,0.000013,0.001404,0.000042
5.499535,hybrid_plane_surface,324,168,0.013020,0.013454,0.080654,0.013020,0.013454,0.080654,0.939812,0.049105,0.416359,0.305148,1.572281,0.997608,0.004901,0.518519,0.000925,0.000013,0.001188,0.000012
5.599379,hybrid_plane_surface,337,173,0.012279,0.014486,0.116654,0.012279,0.014486,0.116654,0.939615,0.056869,0.453095,0.347134,1.686565,0.997775,0.004150,0.513353,0.000866,0.000013,0.000997,0.000016
5.700021,hybrid_plane_surface,332,172,0.013214,0.016783,0.118865,0.013214,0.016783,0.118865,0.939779,0.053917,0.404521,0.323875,1.425860,0.997410,0.005280,0.518072,0.001071,0.000011,0.001278,0.000017
5.799857,hybrid_plane_surface,330,170,0.012053,0.014422,0.107375,0.012053,0.014422,0.107375,0.943476,0.055535,0.422691,0.324803,1.505151,0.997662,0.004229,0.515152,0.001110,0.000014,0.001505,0.000036
5.899706,hybrid_plane_surface,336,177,0.014955,0.022849,0.173693,0.014955,0.022849,0.173693,0.935095,0.068730,0.410411,0.331335,1.706680,0.997363,0.004838,0.526786,0.001288,0.000018,0.001426,0.000012
5.999548,hybrid_plane_surface,329,173,0.012235,0.013437,0.084955,0.012235,0.013437,0.084955,0.942354,0.051040,0.387241,0.309832,1.325529,0.997695,0.004539,0.525836,0.000976,0.000014,0.001346,0.000018
6.099389,hybrid_plane_surface,347,184,0.013048,0.013264,0.100146,0.013048,0.013264,0.100146,0.938983,0.048830,0.414920,0.310394,1.793546,0.997506,0.004444,0.530259,0.000948,0.000014,0.001345,0.000016
6.200028,hybrid_plane_surface,332,184,0.014417,0.017862,0.115532,0.014417,0.017862,0.115532,0.936550,0.057979,0.363058,0.293814,1.416980,0.997491,0.005113,0.554217,0.001261,0.000016,0.001496,0.000012
6.299868,hybrid_plane_surface,341,179,0.012794,0.015355,0.097950,0.012794,0.015355,0.097950,0.939996,0.055520,0.414279,0.314390,1.442778,0.997684,0.004417,0.524927,0.001091,0.000017,0.001319,0.000020
6.399698,hybrid_plane_surface,336,175,0.014783,0.022489,0.214909,0.014783,0.022489,0.214909,0.935187,0.069824,0.408446,0.306701,1.548661,0.997750,0.004607,0.520833,0.001102,0.000018,0.001305,0.000019
6.499538,hybrid_plane_surface,338,180,0.011968,0.012508,0.082679,0.011968,0.012508,0.082679,0.941911,0.051995,0.419616,0.326974,1.537824,0.997965,0.003973,0.532544,0.001176,0.000015,0.001564,0.000032
6.599373,hybrid_plane_surface,348,178,0.014030,0.017319,0.116925,0.014030,0.017319,0.116925,0.935061,0.064708,0.411560,0.330426,1.568448,0.997458,0.005673,0.511494,0.001148,0.000018,0.001304,0.000023
6.700028,hybrid_plane_surface,336,177,0.013318,0.015331,0.091343,0.013318,0.015331,0.091343,0.937749,0.058205,0.403502,0.306285,1.478877,0.997788,0.004421,0.526786,0.001013,0.000015,0.001396,0.000014
6.799870,hybrid_plane_surface,329,174,0.013766,0.016614,0.145784,0.013766,0.016614,0.145784,0.935423,0.059994,0.421783,0.331210,1.427497,0.997487,0.004655,0.528875,0.001080,0.000014,0.001391,0.000016
6.899709,hybrid_plane_surface,337,171,0.013329,0.016379,0.101094,0.013329,0.016379,0.101094,0.937988,0.058806,0.411759,0.332098,1.540548,0.997600,0.004880,0.507418,0.000936,0.000013,0.001330,0.000020
6.999560,hybrid_plane_surface,325,164,0.012895,0.015498,0.108240,0.012895,0.015498,0.108240,0.939085,0.060105,0.429197,0.341102,1.771577,0.997823,0.004139,0.504615,0.001009,0.000012,0.001386,0.000018
7.099397,hybrid_plane_surface,334,172,0.013188,0.015438,0.113188,0.013188,0.015438,0.113188,0.938626,0.056173,0.413344,0.350419,1.769014,0.997740,0.004335,0.514970,0.001112,0.000012,0.001428,0.000017
7.200032,hybrid_plane_surface,330,176,0.013072,0.014642,0.084263,0.013072,0.014642,0.084263,0.940329,0.054374,0.389049,0.302897,1.264796,0.997962,0.003797,0.533333,0.001128,0.000016,0.001282,0.000011
7.299872,hybrid_plane_surface,338,180,0.014295,0.015677,0.113832,0.014295,0.015677,0.113832,0.934063,0.057551,0.419602,0.324397,1.561137,0.997322,0.005021,0.532544,0.001059,0.000013,0.001363,0.000027
7.399702,hybrid_plane_surface,331,181,0.014172,0.014909,0.089997,0.014172,0.014909,0.089997,0.935758,0.054317,0.385942,0.319699,1.519961,0.997700,0.004272,0.546828,0.000965,0.000014,0.001242,0.000028
7.499540,hybrid_plane_surface,349,186,0.013092,0.014040,0.093943,0.013092,0.014040,0.093943,0.938796,0.053174,0.414979,0.324013,1.489347,0.997767,0.003941,0.532951,0.001024,0.000012,0.001328,0.000027
7.599375,hybrid_plane_surface,339,179,0.014635,0.019943,0.180837,0.014635,0.019943,0.180837,0.933774,0.066390,0.426042,0.337669,1.716159,0.997714,0.004070,0.528024,0.001044,0.000012,0.001329,0.000014
7.700013,hybrid_plane_surface,335,180,0.012518,0.013726,0.094175,0.012518,0.013726,0.094175,0.940315,0.053171,0.409775,0.334797,1.438507,0.997903,0.004021,0.537313,0.001117,0.000012,0.001432,0.000022
7.799858,hybrid_plane_surface,348,171,0.013276,0.015997,0.113111,0.013276,0.015997,0.113111,0.937974,0.059629,0.422430,0.321978,1.873951,0.997934,0.003700,0.491379,0.000948,0.000011,0.001317,0.000009
7.899704,hybrid_plane_surface,343,175,0.011896,0.012438,0.099607,0.011896,0.012438,0.099607,0.942653,0.049301,0.409293,0.335683,1.791244,0.998241,0.003253,0.510204,0.001414,0.000020,0.001482,0.000026
7.999546,hybrid_plane_surface,339,161,0.012339,0.015407,0.124092,0.012339,0.015407,0.124092,0.940958,0.060148,0.406413,0.326126,1.846986,0.997726,0.003992,0.474926,0.000911,0.000011,0.001298,0.000021
8.099370,hybrid_plane_surface,341,179,0.014219,0.016860,0.109851,0.014219,0.016860,0.109851,0.933997,0.059438,0.428988,0.311421,1.429005,0.997452,0.004761,0.524927,0.000967,0.000013,0.001362,0.000013
8.199999,hybrid_plane_surface,327,164,0.012458,0.013400,0.111199,0.012458,0.013400,0.111199,0.939828,0.053681,0.432679,0.362244,1.987876,0.997945,0.003680,0.501529,0.000909,0.000012,0.001288,0.000011
8.299837,hybrid_plane_surface,340,183,0.013512,0.018606,0.137120,0.013512,0.018606,0.137120,0.937691,0.062748,0.426252,0.341041,1.893355,0.997717,0.004124,0.538235,0.001108,0.000018,0.001349,0.000018
8.399681,hybrid_plane_surface,347,177,0.012955,0.013915,0.086122,0.012955,0.013915,0.086122,0.939300,0.052596,0.415048,0.312501,1.313709,0.997456,0.005328,0.510086,0.000985,0.000011,0.001302,0.000024
8.499522,hybrid_plane_surface,336,176,0.014037,0.015987,0.110075,0.014037,0.015987,0.110075,0.935086,0.062684,0.421933,0.343549,1.746704,0.998014,0.003706,0.523810,0.000969,0.000014,0.001346,0.000033
8.599365,hybrid_plane_surface,322,170,0.014212,0.016574,0.111329,0.014212,0.016574,0.111329,0.936394,0.059554,0.383290,0.304234,1.395079,0.997709,0.004496,0.527950,0.001409,0.000020,0.001542,0.000056
8.700016,hybrid_plane_surface,341,182,0.013618,0.018917,0.172951,0.013618,0.018917,0.172951,0.936438,0.065274,0.414040,0.354883,1.819499,0.997803,0.003825,0.533724,0.001065,0.000012,0.001403,0.000028
8.799861,hybrid_plane_surface,341,185,0.014373,0.017472,0.113835,0.014373,0.017472,0.113835,0.933914,0.064791,0.420924,0.339364,1.656551,0.997628,0.004405,0.542522,0.001117,0.000011,0.001382,0.000024
8.899703,hybrid_plane_surface,341,172,0.012332,0.014552,0.087445,0.012332,0.014552,0.087445,0.940520,0.055346,0.422688,0.339690,1.828226,0.997852,0.004038,0.504399,0.000960,0.000011,0.001227,0.000026
8.999540,hybrid_plane_surface,338,175,0.014436,0.020338,0.169036,0.014436,0.020338,0.169036,0.933547,0.075062,0.422438,0.316130,1.575522,0.997887,0.003750,0.517751,0.000903,0.000012,0.001256,0.000013
9.099387,hybrid_plane_surface,337,174,0.011760,0.011726,0.071920,0.011760,0.011726,0.071920,0.943568,0.044766,0.406066,0.343766,1.757226,0.998305,0.003215,0.516320,0.000899,0.000012,0.001266,0.000013
9.200026,hybrid_plane_surface,352,188,0.012850,0.013540,0.085029,0.012850,0.013540,0.085029,0.937542,0.054222,0.427685,0.354454,1.590185,0.997341,0.004586,0.534091,0.001231,0.000015,0.001625,0.000018
9.299863,hybrid_plane_surface,340,177,0.014308,0.018831,0.153626,0.014308,0.018831,0.153626,0.933960,0.069499,0.406022,0.348320,1.799389,0.997569,0.004869,0.520588,0.000935,0.000011,0.001282,0.000016
9.399727,hybrid_plane_surface,340,175,0.013591,0.018497,0.175328,0.013591,0.018497,0.175328,0.936359,0.068365,0.435365,0.392724,1.799040,0.997773,0.004146,0.514706,0.000941,0.000014,0.001326,0.000015
9.499567,hybrid_plane_surface,340,188,0.013879,0.015815,0.107672,0.013879,0.015815,0.107672,0.934760,0.060909,0.437208,0.364973,1.922975,0.997713,0.004110,0.552941,0.001135,0.000017,0.001313,0.000050
9.599397,hybrid_plane_surface,337,174,0.012771,0.015146,0.104993,0.012771,0.015146,0.104993,0.938650,0.057390,0.432124,0.332632,1.421717,0.997717,0.004542,0.516320,0.000909,0.000013,0.001287,0.000036
9.700039,hybrid_plane_surface,347,172,0.013832,0.019792,0.166712,0.013832,0.019792,0.166712,0.935897,0.071543,0.433691,0.365463,2.092768,0.997666,0.004385,0.495677,0.000917,0.000013,0.001294,0.000022
9.799877,hybrid_plane_surface,373,203,0.015560,0.022452,0.172660,0.015560,0.022452,0.172660,0.924055,0.087916,0.604068,0.658463,3.714659,0.998407,0.003025,0.544236,0.001193,0.000020,0.001458,0.000041
9.899719,hybrid_plane_surface,403,212,0.018303,0.022842,0.133495,0.018303,0.022842,0.133495,0.912056,0.095110,0.854219,1.272269,10.291690,0.998079,0.003772,0.526055,0.001511,0.000021,0.001794,0.000054
9.999568,hybrid_plane_surface,450,249,0.016836,0.025744,0.302412,0.016836,0.025744,0.302412,0.923777,0.077828,0.677154,0.795155,4.309399,0.998468,0.003054,0.553333,0.001438,0.000018,0.001954,0.000104
10.099404,hybrid_plane_surface,516,283,0.014673,0.019077,0.207270,0.014673,0.019077,0.207270,0.927970,0.061468,0.974848,1.272085,8.159802,0.998449,0.003993,0.548450,0.001629,0.000022,0.001878,0.000140
10.200045,hybrid_plane_surface,588,299,0.016517,0.023643,0.301608,0.016517,0.023643,0.301608,0.924178,0.073321,0.612055,0.725274,4.581101,0.998359,0.004108,0.508503,0.002114,0.000026,0.002556,0.000331
10.299872,hybrid_plane_surface,596,309,0.014880,0.017919,0.136339,0.014880,0.017919,0.136339,0.933322,0.070045,0.465993,0.496743,3.301965,0.998540,0.003034,0.518456,0.001706,0.000027,0.002224,0.000293
10.399700,hybrid_plane_surface,632,323,0.013539,0.013032,0.081468,0.013539,0.013032,0.081468,0.937503,0.054276,0.403789,0.339610,2.084596,0.998485,0.003094,0.511076,0.002073,0.000027,0.002472,0.000148
10.499529,hybrid_plane_surface,586,307,0.014179,0.016422,0.116737,0.014179,0.016422,0.116737,0.934192,0.070217,0.473165,0.642129,6.217204,0.998564,0.002868,0.523891,0.001950,0.000026,0.002385,0.000135
10.599381,hybrid_plane_surface,540,306,0.014735,0.015548,0.123161,0.014735,0.015548,0.123161,0.932211,0.062003,0.475335,0.503504,3.857164,0.998169,0.003588,0.566667,0.002160,0.000028,0.002399,0.000165
10.700020,hybrid_plane_surface,471,275,0.014521,0.016455,0.123828,0.014521,0.016455,0.123828,0.931070,0.075382,0.527159,0.553020,5.801426,0.998318,0.003186,0.583864,0.001585,0.000026,0.001874,0.000088
10.799853,hybrid_plane_surface,446,251,0.015176,0.018927,0.121827,0.015176,0.018927,0.121827,0.928123,0.084662,0.410538,0.336189,2.232735,0.998261,0.003017,0.562780,0.001521,0.000032,0.001818,0.000168
10.899694,hybrid_plane_surface,459,246,0.014954,0.017955,0.109104,0.014954,0.017955,0.109104,0.930311,0.079866,0.405453,0.301108,1.935041,0.998323,0.002965,0.535948,0.001540,0.000021,0.001879,0.000051
10.999547,hybrid_plane_surface,499,262,0.016647,0.021813,0.150586,0.016647,0.021813,0.150586,0.924018,0.091286,0.384969,0.333914,1.952970,0.998048,0.003488,0.525050,0.001413,0.000020,0.002156,0.000067
11.099370,hybrid_plane_surface,545,277,0.014443,0.015994,0.114572,0.014443,0.015994,0.114572,0.933649,0.071239,0.375560,0.308000,2.059155,0.998421,0.003090,0.508257,0.001751,0.000018,0.002512,0.000071
11.200021,hybrid_plane_surface,556,297,0.013427,0.015606,0.119552,0.013427,0.015606,0.119552,0.936287,0.064200,0.478358,0.640232,4.454975,0.998207,0.003346,0.534173,0.002070,0.000029,0.002606,0.000127
11.299869,hybrid_plane_surface,546,283,0.015708,0.014199,0.074412,0.015708,0.014199,0.074412,0.928111,0.059067,0.460083,0.600642,3.848855,0.998533,0.002643,0.518315,0.001789,0.000022,0.002075,0.000121
11.399720,hybrid_plane_surface,521,297,0.016652,0.017702,0.141853,0.016652,0.017702,0.141853,0.923156,0.070494,0.775514,1.428622,9.250939,0.998580,0.003137,0.570058,0.001642,0.000024,0.001996,0.000157
11.499550,hybrid_plane_surface,542,303,0.013428,0.011608,0.074125,0.013428,0.011608,0.074125,0.935861,0.046406,0.787291,1.611515,13.383224,0.998900,0.002146,0.559041,0.001764,0.000025,0.002151,0.000145
11.599376,hybrid_plane_surface,597,357,0.014173,0.015240,0.133251,0.014173,0.015240,0.133251,0.933436,0.058020,0.715466,1.352779,11.105108,0.998913,0.001976,0.597990,0.002023,0.000028,0.002315,0.000110
11.700024,hybrid_plane_surface,678,410,0.013131,0.012902,0.104726,0.013131,0.012902,0.104726,0.939007,0.052844,0.424840,0.536583,5.319440,0.998684,0.002815,0.604720,0.002369,0.000042,0.002828,0.000133
11.799876,hybrid_plane_surface,765,435,0.014418,0.018185,0.153589,0.014418,0.018185,0.153589,0.934859,0.072809,0.355639,0.293959,2.078067,0.998505,0.002958,0.568627,0.002509,0.000040,0.003125,0.000201
11.899712,hybrid_plane_surface,741,404,0.014629,0.015771,0.144388,0.014629,0.015771,0.144388,0.933749,0.061781,0.386320,0.346425,2.261622,0.998327,0.003474,0.545209,0.002164,0.000023,0.003096,0.000167
11.999556,hybrid_plane_surface,695,377,0.017180,0.020145,0.221648,0.017180,0.020145,0.221648,0.925779,0.075297,0.348378,0.284326,1.949811,0.998441,0.003024,0.542446,0.002628,0.000039,0.003235,0.000100
12.099401,hybrid_plane_surface,634,356,0.017054,0.023619,0.273965,0.017054,0.023619,0.273965,0.927863,0.076067,0.359285,0.297397,2.612281,0.998098,0.003848,0.561514,0.002141,0.000030,0.002756,0.000079
12.200043,hybrid_plane_surface,543,282,0.015489,0.016902,0.125186,0.015489,0.016902,0.125186,0.929502,0.077204,0.332289,0.267409,1.745530,0.998091,0.004269,0.519337,0.001981,0.000028,0.002631,0.000066
12.299896,hybrid_plane_surface,511,260,0.015055,0.020418,0.214276,0.015055,0.020418,0.214276,0.934548,0.073098,0.288541,0.173396,0.905957,0.998190,0.003416,0.508806,0.001485,0.000020,0.002334,0.000045
12.399736,hybrid_plane_surface,509,260,0.015798,0.019781,0.151160,0.015798,0.019781,0.151160,0.931137,0.074742,0.319560,0.226113,1.390603,0.998015,0.003559,0.510806,0.001772,0.000023,0.002281,0.000027
12.499576,hybrid_plane_surface,515,254,0.012602,0.013309,0.107164,0.012602,0.013309,0.107164,0.940964,0.060106,0.301082,0.225451,1.258270,0.998384,0.002451,0.493204,0.001779,0.000024,0.002251,0.000016
12.599420,hybrid_plane_surface,447,221,0.013386,0.014714,0.112607,0.013386,0.014714,0.112607,0.938268,0.056679,0.280427,0.184871,1.074512,0.998013,0.003313,0.494407,0.001551,0.000022,0.002004,0.000052
12.700052,hybrid_plane_surface,383,193,0.015174,0.017071,0.122101,0.015174,0.017071,0.122101,0.927705,0.075603,0.292227,0.223913,1.632140,0.997818,0.003362,0.503916,0.001444,0.000022,0.001837,0.000036
12.799893,hybrid_plane_surface,318,163,0.018495,0.019021,0.152919,0.018495,0.019021,0.152919,0.915539,0.076097,0.391846,0.413655,2.925543,0.998141,0.003174,0.512579,0.001274,0.000016,0.001382,0.000041
12.899732,hybrid_plane_surface,324,173,0.020498,0.028514,0.193235,0.020498,0.028514,0.193235,0.906113,0.100365,0.661323,0.883828,4.689358,0.998498,0.002597,0.533951,0.001310,0.000018,0.001447,0.000132
12.999575,hybrid_plane_surface,354,167,0.023704,0.033552,0.300289,0.023704,0.033552,0.300289,0.900258,0.091713,1.039074,1.969002,10.607287,0.998547,0.002527,0.471751,0.001121,0.000015,0.001332,0.000214
13.099408,hybrid_plane_surface,400,201,0.015386,0.022536,0.193511,0.015386,0.022536,0.193511,0.925067,0.080580,0.555921,0.801953,5.703511,0.998503,0.002367,0.502500,0.001265,0.000020,0.001549,0.000087
13.200054,hybrid_plane_surface,553,319,0.012604,0.018705,0.226441,0.012604,0.018705,0.226441,0.940769,0.063542,0.350529,0.356993,2.555995,0.998818,0.001625,0.576854,0.001829,0.000024,0.002121,0.000187
13.299899,hybrid_plane_surface,760,431,0.013673,0.016527,0.171399,0.013673,0.016527,0.171399,0.937087,0.065772,0.350541,0.386946,3.674156,0.998435,0.003326,0.567105,0.002602,0.000036,0.003122,0.000374
13.399727,hybrid_plane_surface,806,455,0.014928,0.015515,0.167628,0.014928,0.015515,0.167628,0.933867,0.060062,0.341201,0.280661,2.244030,0.998443,0.003115,0.564516,0.002555,0.000038,0.003103,0.000102
13.499578,hybrid_plane_surface,768,421,0.019363,0.020434,0.211186,0.019363,0.020434,0.211186,0.918354,0.076740,0.331728,0.252860,1.877150,0.998204,0.003509,0.548177,0.002487,0.000034,0.003193,0.000090
13.599401,hybrid_plane_surface,704,386,0.015637,0.018897,0.242061,0.015637,0.018897,0.242061,0.931554,0.068675,0.332049,0.259523,1.771553,0.998423,0.002550,0.548295,0.002314,0.000036,0.003011,0.000051
13.700039,hybrid_plane_surface,677,349,0.013632,0.015343,0.141560,0.013632,0.015343,0.141560,0.938252,0.059346,0.325688,0.261042,1.584069,0.998240,0.002839,0.515510,0.002459,0.000030,0.002934,0.000062
13.799878,hybrid_plane_surface,620,342,0.015099,0.014567,0.110038,0.015099,0.014567,0.110038,0.932925,0.057767,0.329520,0.247251,2.069187,0.998165,0.003328,0.551613,0.002215,0.000030,0.002650,0.000050
13.899719,hybrid_plane_surface,524,284,0.016270,0.020259,0.140469,0.016270,0.020259,0.140469,0.927527,0.079375,0.313687,0.236770,1.712617,0.997448,0.005691,0.541985,0.002008,0.000023,0.002181,0.000025
13.999563,hybrid_plane_surface,414,229,0.015186,0.017737,0.122327,0.015186,0.017737,0.122327,0.928551,0.072124,0.297522,0.202889,1.455338,0.997537,0.004400,0.553140,0.001360,0.000021,0.001581,0.000019
14.099408,hybrid_plane_surface,327,161,0.012972,0.013311,0.099835,0.012972,0.013311,0.099835,0.937904,0.051226,0.321790,0.308468,2.524347,0.997952,0.003199,0.492355,0.001066,0.000016,0.001277,0.000035
14.200053,hybrid_plane_surface,270,107,0.017157,0.024136,0.163750,0.017157,0.024136,0.163750,0.917064,0.102450,0.281917,0.190212,1.262256,0.997630,0.003958,0.396296,0.000914,0.000009,0.001265,0.000036
14.299897,hybrid_plane_surface,251,89,0.012689,0.011695,0.067271,0.012689,0.011695,0.067271,0.934332,0.053711,0.285184,0.156215,0.726886,0.997827,0.003071,0.354582,0.000873,0.000009,0.001245,0.000047
14.399728,hybrid_plane_surface,269,109,0.017631,0.029906,0.201021,0.017631,0.029906,0.201021,0.916539,0.104066,0.307216,0.229188,1.116590,0.997813,0.003211,0.405204,0.000872,0.000012,0.001162,0.000052
14.499573,hybrid_plane_surface,312,146,0.014922,0.013026,0.067972,0.014922,0.013026,0.067972,0.926832,0.058040,0.304113,0.223902,1.482627,0.998255,0.002364,0.467949,0.001105,0.000016,0.001405,0.000047
14.599415,hybrid_plane_surface,397,215,0.012978,0.013543,0.099218,0.012978,0.013543,0.099218,0.938938,0.054684,0.278163,0.187870,1.332386,0.998449,0.002492,0.541562,0.001611,0.000021,0.001978,0.000040
14.700062,hybrid_plane_surface,542,305,0.011726,0.012420,0.086707,0.011726,0.012420,0.086707,0.944166,0.049821,0.286903,0.221169,2.509257,0.998367,0.003121,0.562731,0.001874,0.000024,0.002285,0.000045
14.799902,hybrid_plane_surface,652,369,0.012087,0.015039,0.181619,0.012087,0.015039,0.181619,0.945215,0.056215,0.283292,0.221280,2.052258,0.998490,0.003040,0.565951,0.002197,0.000033,0.002611,0.000059
14.899732,hybrid_plane_surface,725,389,0.013076,0.013727,0.103117,0.013076,0.013727,0.103117,0.940640,0.057496,0.282352,0.217059,1.710428,0.998236,0.002794,0.536552,0.002241,0.000037,0.002912,0.000109
14.999573,hybrid_plane_surface,743,401,0.014026,0.016409,0.114337,0.014026,0.016409,0.114337,0.935752,0.069944,0.315803,0.249318,1.832285,0.998189,0.003844,0.539704,0.002675,0.000034,0.003305,0.000052
15.099419,hybrid_plane_surface,764,418,0.012902,0.013896,0.113435,0.012902,0.013896,0.113435,0.939659,0.061054,0.374695,0.395296,4.460449,0.998351,0.003313,0.547120,0.002208,0.000025,0.003050,0.000053
15.199671,hybrid_plane_surface,745,377,0.014145,0.014300,0.102857,0.014145,0.014300,0.102857,0.936199,0.059479,0.395395,0.374744,2.800601,0.998188,0.003625,0.506040,0.002556,0.000036,0.003141,0.000156
15.299530,hybrid_plane_surface,749,362,0.016570,0.016485,0.130087,0.016570,0.016485,0.130087,0.925576,0.065010,0.731191,1.134590,8.010222,0.998355,0.003038,0.483311,0.002221,0.000024,0.003232,0.000199
15.399371,hybrid_plane_surface,785,393,0.026025,0.043589,0.380591,0.026025,0.043589,0.380591,0.909456,0.088538,1.055412,1.868696,13.753645,0.998212,0.003518,0.500637,0.002375,0.000038,0.002989,0.000625
15.500003,hybrid_plane_surface,834,338,0.020504,0.023277,0.223003,0.020504,0.023277,0.223003,0.917072,0.083091,0.570252,0.546510,3.014500,0.998537,0.002655,0.405276,0.002685,0.000029,0.003369,0.000555
15.599848,hybrid_plane_surface,787,401,0.030014,0.044503,0.311144,0.030014,0.044503,0.311144,0.902671,0.088878,1.276466,2.683487,17.443281,0.998415,0.002494,0.509530,0.002495,0.000038,0.003273,0.000404
15.699682,hybrid_plane_surface,820,383,0.023390,0.035196,0.272781,0.023390,0.035196,0.272781,0.909967,0.100202,0.670794,0.820366,7.866229,0.997753,0.003746,0.467073,0.002514,0.000031,0.003208,0.000399
15.799526,hybrid_plane_surface,810,387,0.022613,0.034160,0.293871,0.022613,0.034160,0.293871,0.912377,0.100968,0.504951,0.485657,3.185807,0.997712,0.003831,0.477778,0.002959,0.000038,0.003512,0.000397
15.899366,hybrid_plane_surface,792,385,0.023127,0.032323,0.272815,0.023127,0.032323,0.272815,0.906784,0.105722,0.524157,0.588643,3.754565,0.997877,0.003319,0.486111,0.002409,0.000029,0.002910,0.000380
15.999998,hybrid_plane_surface,780,358,0.023165,0.030741,0.237111,0.023165,0.030741,0.237111,0.902706,0.111938,0.621511,0.822659,5.485346,0.998000,0.002902,0.458974,0.002322,0.000027,0.002821,0.000250
16.099832,hybrid_plane_surface,813,383,0.023729,0.027447,0.185840,0.023729,0.027447,0.185840,0.904015,0.094445,0.608043,0.827850,5.894712,0.997679,0.003295,0.471095,0.002727,0.000030,0.003308,0.000326
16.199663,hybrid_plane_surface,816,376,0.021595,0.025202,0.180702,0.021595,0.025202,0.180702,0.910206,0.088509,0.518057,0.706891,6.501941,0.997693,0.003446,0.460784,0.002482,0.000030,0.003113,0.000323
16.299514,hybrid_plane_surface,729,368,0.020604,0.024439,0.154553,0.020604,0.024439,0.154553,0.910358,0.091709,0.517424,0.625795,4.012341,0.997574,0.003542,0.504801,0.002492,0.000028,0.003560,0.000371
16.399352,hybrid_plane_surface,656,332,0.022016,0.024269,0.139714,0.022016,0.024269,0.139714,0.903584,0.089789,0.608039,0.774941,4.311769,0.997559,0.003333,0.506098,0.001780,0.000025,0.002284,0.000264
16.499984,hybrid_plane_surface,548,294,0.025288,0.028498,0.194365,0.025288,0.028498,0.194365,0.889201,0.103191,0.687973,0.940971,4.471023,0.997289,0.003502,0.536496,0.002021,0.000024,0.002348,0.000142
16.599826,hybrid_plane_surface,464,274,0.024450,0.026742,0.173244,0.024450,0.026742,0.173244,0.889941,0.100773,0.646692,0.798260,4.538317,0.997455,0.003315,0.590517,0.001458,0.000020,0.001914,0.000212
16.699669,hybrid_plane_surface,398,249,0.023826,0.028531,0.189436,0.023826,0.028531,0.189436,0.892999,0.098354,0.866132,1.317837,8.031129,0.997488,0.003151,0.625628,0.001463,0.000020,0.001645,0.000130
16.799512,hybrid_plane_surface,391,237,0.028282,0.039120,0.261523,0.028282,0.039120,0.261523,0.877110,0.129094,0.717717,0.965119,6.520456,0.997447,0.003389,0.606138,0.001432,0.000020,0.001641,0.000082
16.899355,hybrid_plane_surface,375,208,0.022755,0.026926,0.178268,0.022755,0.026926,0.178268,0.894299,0.100793,0.540051,0.684925,4.009189,0.997757,0.003158,0.554667,0.001123,0.000016,0.001180,0.000097
17.000002,hybrid_plane_surface,374,193,0.022258,0.023814,0.185049,0.022258,0.023814,0.185049,0.898811,0.092788,0.450398,0.548890,3.387592,0.997815,0.002565,0.516043,0.001368,0.000019,0.001528,0.000136
17.099837,hybrid_plane_surface,379,204,0.018581,0.018844,0.123506,0.018581,0.018844,0.123506,0.910396,0.075862,0.464446,0.531691,3.158235,0.997821,0.002892,0.538259,0.001319,0.000018,0.001465,0.000228
17.199683,hybrid_plane_surface,363,199,0.017023,0.019135,0.189370,0.017023,0.019135,0.189370,0.916329,0.075134,0.386808,0.369281,2.635025,0.998011,0.002468,0.548209,0.001578,0.000017,0.001565,0.000121
17.299532,hybrid_plane_surface,362,188,0.016401,0.016578,0.116406,0.016401,0.016578,0.116406,0.920952,0.071324,0.379393,0.327019,2.116771,0.998045,0.002739,0.519337,0.001576,0.000021,0.001926,0.000389
17.399381,hybrid_plane_surface,337,174,0.016382,0.020299,0.213663,0.016382,0.020299,0.213663,0.921571,0.072615,0.326610,0.222718,1.262884,0.998009,0.002966,0.516320,0.000985,0.000011,0.001318,0.000063
17.500019,hybrid_plane_surface,331,171,0.014633,0.014439,0.065723,0.014633,0.014439,0.065723,0.926102,0.063578,0.363010,0.362068,2.785972,0.998064,0.002984,0.516616,0.001187,0.000018,0.001445,0.000120
17.599870,hybrid_plane_surface,312,167,0.015753,0.018630,0.134083,0.015753,0.018630,0.134083,0.921929,0.078095,0.329487,0.292910,2.527277,0.997826,0.003362,0.535256,0.001358,0.000017,0.001569,0.000072
17.699717,hybrid_plane_surface,317,168,0.015656,0.019617,0.168607,0.015656,0.019617,0.168607,0.922445,0.081089,0.340975,0.265147,1.374702,0.997929,0.003135,0.529968,0.001163,0.000013,0.001467,0.000059
17.799547,hybrid_plane_surface,316,163,0.013603,0.014452,0.119246,0.013603,0.014452,0.119246,0.930792,0.063348,0.390737,0.335766,2.045825,0.998194,0.002945,0.515823,0.001482,0.000015,0.001727,0.000060
17.899402,hybrid_plane_surface,314,165,0.015489,0.014455,0.074324,0.015489,0.014455,0.074324,0.923247,0.060530,0.486156,0.650754,3.819361,0.997991,0.002988,0.525478,0.001205,0.000016,0.001390,0.000062
18.000042,hybrid_plane_surface,336,186,0.015244,0.023294,0.199435,0.015244,0.023294,0.199435,0.925107,0.085982,0.510149,0.654112,4.547363,0.998165,0.003241,0.553571,0.001226,0.000019,0.001565,0.000100
18.099880,hybrid_plane_surface,391,206,0.011626,0.015215,0.152266,0.011626,0.015215,0.152266,0.937615,0.059839,0.665933,0.948165,6.141985,0.998866,0.002080,0.526854,0.001387,0.000019,0.001705,0.000142
18.199710,hybrid_plane_surface,386,197,0.011962,0.014293,0.102413,0.011962,0.014293,0.102413,0.939233,0.053720,0.450493,0.594498,4.517298,0.998707,0.002574,0.510363,0.001171,0.000014,0.001736,0.000175
18.299547,hybrid_plane_surface,420,237,0.010838,0.011334,0.078340,0.010838,0.011334,0.078340,0.945031,0.048093,0.378482,0.412314,3.039587,0.998876,0.002591,0.564286,0.001477,0.000016,0.002000,0.000187
18.399406,hybrid_plane_surface,469,267,0.013904,0.025290,0.311920,0.013904,0.025290,0.311920,0.936594,0.072924,0.404022,0.478441,4.356769,0.998957,0.002427,0.569296,0.001590,0.000026,0.002043,0.000172
18.500038,hybrid_plane_surface,486,298,0.014859,0.024520,0.268207,0.014859,0.024520,0.268207,0.932333,0.079036,0.422473,0.464515,4.233312,0.998512,0.002873,0.613169,0.001876,0.000029,0.002585,0.000395
18.599878,hybrid_plane_surface,533,348,0.012159,0.016554,0.210513,0.012159,0.016554,0.210513,0.941088,0.060522,0.426256,0.509117,3.624321,0.998851,0.002324,0.652908,0.002184,0.000029,0.002697,0.000139
18.699723,hybrid_plane_surface,553,357,0.013741,0.017221,0.182573,0.013741,0.017221,0.182573,0.935398,0.061688,0.457565,0.668614,4.835517,0.998680,0.002482,0.645570,0.002114,0.000037,0.002529,0.000179
18.799566,hybrid_plane_surface,602,363,0.012775,0.017908,0.158144,0.012775,0.017908,0.158144,0.941482,0.064203,0.438305,0.682362,6.036600,0.998829,0.002066,0.602990,0.002289,0.000032,0.002784,0.000230
18.899419,hybrid_plane_surface,618,350,0.015533,0.023220,0.271359,0.015533,0.023220,0.271359,0.934328,0.063940,0.363655,0.360259,2.944293,0.998757,0.002346,0.566343,0.002294,0.000031,0.002847,0.000314
19.000060,hybrid_plane_surface,638,374,0.014834,0.020843,0.222440,0.014834,0.020843,0.222440,0.936482,0.066443,0.371912,0.365472,2.403468,0.998478,0.002903,0.586207,0.002293,0.000031,0.003029,0.000239
19.099901,hybrid_plane_surface,636,329,0.016399,0.017375,0.125187,0.016399,0.017375,0.125187,0.930295,0.060813,0.370237,0.330827,2.679868,0.998678,0.002381,0.517296,0.002173,0.000028,0.002752,0.000210
19.199749,hybrid_plane_surface,686,333,0.017457,0.022194,0.180607,0.017457,0.022194,0.180607,0.928432,0.075427,0.352319,0.305021,2.571350,0.998501,0.002759,0.485423,0.002462,0.000027,0.003077,0.000324
19.299581,hybrid_plane_surface,711,335,0.019125,0.020274,0.137932,0.019125,0.020274,0.137932,0.924209,0.067644,0.364280,0.376468,3.061303,0.998311,0.002934,0.471167,0.002077,0.000026,0.002886,0.000331
19.399426,hybrid_plane_surface,715,328,0.020315,0.020209,0.120805,0.020315,0.020209,0.120805,0.921065,0.070781,0.368655,0.331238,2.828912,0.998182,0.003032,0.458741,0.002077,0.000023,0.003175,0.000201
19.499677,hybrid_plane_surface,686,302,0.017787,0.016716,0.107251,0.017787,0.016716,0.107251,0.928989,0.058769,0.371687,0.310762,2.099380,0.998388,0.002616,0.440233,0.001767,0.000021,0.002744,0.000141
19.599523,hybrid_plane_surface,740,321,0.014421,0.011525,0.061233,0.014421,0.011525,0.061233,0.940816,0.042136,0.347064,0.295408,1.885102,0.998102,0.003031,0.433784,0.001999,0.000025,0.003004,0.000129
19.699358,hybrid_plane_surface,790,354,0.017079,0.018198,0.161651,0.017079,0.018198,0.161651,0.931049,0.065960,0.319764,0.243015,1.734410,0.998039,0.003484,0.448101,0.001939,0.000026,0.002752,0.000191
19.799995,hybrid_plane_surface,809,416,0.015489,0.016622,0.187060,0.015489,0.016622,0.187060,0.934163,0.061999,0.316814,0.230279,1.656773,0.998219,0.003135,0.514215,0.002367,0.000032,0.003649,0.000101
19.899829,hybrid_plane_surface,838,440,0.013911,0.014399,0.136491,0.013911,0.014399,0.136491,0.938935,0.054899,0.306444,0.227757,2.086668,0.998028,0.003538,0.525060,0.002484,0.000028,0.003622,0.000063
19.999658,hybrid_plane_surface,853,429,0.012860,0.014606,0.144413,0.012860,0.014606,0.144413,0.941119,0.060532,0.291038,0.192185,1.355761,0.998129,0.003368,0.502931,0.002689,0.000035,0.003568,0.000064
20.099512,hybrid_plane_surface,752,400,0.014326,0.016866,0.181784,0.014326,0.016866,0.181784,0.934481,0.070498,0.291588,0.202619,1.622026,0.997756,0.004259,0.531915,0.002204,0.000029,0.003044,0.000049
20.199363,hybrid_plane_surface,651,349,0.013809,0.015161,0.136808,0.013809,0.015161,0.136808,0.936325,0.065847,0.284437,0.195114,1.137035,0.998036,0.003376,0.536098,0.002483,0.000031,0.003102,0.000043
20.300000,hybrid_plane_surface,571,307,0.015133,0.019257,0.190278,0.015133,0.019257,0.190278,0.932304,0.075390,0.275379,0.167261,1.312315,0.998236,0.002645,0.537653,0.002010,0.000028,0.002628,0.000052
20.399839,hybrid_plane_surface,492,257,0.015412,0.017115,0.113601,0.015412,0.017115,0.113601,0.929213,0.074724,0.267341,0.168898,1.421858,0.998057,0.004184,0.522358,0.001654,0.000022,0.002090,0.000032
20.499685,hybrid_plane_surface,417,204,0.013380,0.014871,0.108271,0.013380,0.014871,0.108271,0.936673,0.067497,0.244441,0.148918,0.754475,0.998211,0.002889,0.489209,0.001106,0.000018,0.001424,0.000023
20.599535,hybrid_plane_surface,342,143,0.014056,0.014835,0.083393,0.014056,0.014835,0.083393,0.932688,0.062284,0.277741,0.171558,0.898681,0.998405,0.002204,0.418129,0.001229,0.000013,0.001566,0.000018
20.699371,hybrid_plane_surface,269,96,0.012632,0.012593,0.065555,0.012632,0.012593,0.065555,0.936347,0.054474,0.322293,0.202944,1.153978,0.998000,0.003450,0.356877,0.000914,0.000010,0.001168,0.000026
20.799997,hybrid_plane_surface,204,62,0.013630,0.015680,0.067533,0.013630,0.015680,0.067533,0.929884,0.068387,0.290412,0.162904,0.923007,0.997322,0.003426,0.303922,0.000648,0.000005,0.000945,0.000012
20.899835,hybrid_plane_surface,193,36,0.014297,0.015178,0.060492,0.014297,0.015178,0.060492,0.924337,0.069213,0.264947,0.213788,0.924104,0.997179,0.004083,0.186528,0.000724,0.000005,0.001049,0.000032
20.999673,hybrid_plane_surface,162,41,0.017279,0.017461,0.060872,0.017279,0.017461,0.060872,0.910178,0.082449,0.235679,0.205218,0.903930,0.996868,0.003309,0.253086,0.000618,0.000005,0.000795,0.000039
21.099515,hybrid_plane_surface,171,43,0.021364,0.033508,0.224014,0.021364,0.033508,0.224014,0.902932,0.096032,0.247571,0.173730,0.951764,0.997099,0.003347,0.251462,0.000745,0.000005,0.000799,0.000055
21.199353,hybrid_plane_surface,200,55,0.012946,0.015672,0.094084,0.012946,0.015672,0.094084,0.931657,0.066135,0.353633,0.431807,3.274075,0.997446,0.003996,0.275000,0.000730,0.000006,0.000964,0.000043
21.299977,hybrid_plane_surface,293,116,0.017537,0.021502,0.140711,0.017537,0.021502,0.140711,0.917207,0.077256,0.451496,0.667043,4.233109,0.997575,0.003177,0.395904,0.001076,0.000011,0.001353,0.000075
21.399821,hybrid_plane_surface,407,186,0.017320,0.026119,0.226246,0.017320,0.026119,0.226246,0.922776,0.068185,0.763379,1.999506,13.284889,0.998419,0.002514,0.457002,0.001539,0.000016,0.001969,0.000155
21.499665,hybrid_plane_surface,526,257,0.013297,0.013217,0.085416,0.013297,0.013217,0.085416,0.936373,0.055856,0.288777,0.200684,1.226795,0.998439,0.002511,0.488593,0.002072,0.000028,0.002505,0.000306
21.599507,hybrid_plane_surface,658,344,0.012367,0.012399,0.104648,0.012367,0.012399,0.104648,0.942976,0.049895,0.267037,0.189014,2.068979,0.998549,0.002195,0.522796,0.002312,0.000028,0.003102,0.000137
21.699354,hybrid_plane_surface,771,407,0.012974,0.011758,0.080106,0.012974,0.011758,0.080106,0.941439,0.047570,0.280602,0.204008,1.836164,0.998478,0.002256,0.527886,0.002485,0.000034,0.003272,0.000081
21.799995,hybrid_plane_surface,806,459,0.014338,0.016931,0.224046,0.014338,0.016931,0.224046,0.937121,0.062450,0.273592,0.184469,1.236851,0.998411,0.002465,0.569479,0.002380,0.000037,0.003296,0.000110
21.899830,hybrid_plane_surface,813,445,0.013453,0.015237,0.132616,0.013453,0.015237,0.132616,0.938621,0.067092,0.286062,0.200518,1.376981,0.998142,0.003045,0.547355,0.002571,0.000036,0.003584,0.000072
21.999677,hybrid_plane_surface,850,452,0.013566,0.015289,0.209878,0.013566,0.015289,0.209878,0.940991,0.053988,0.281549,0.194621,1.186442,0.998296,0.003049,0.531765,0.002368,0.000026,0.003727,0.000073
22.099515,hybrid_plane_surface,852,443,0.015319,0.016345,0.159964,0.015319,0.016345,0.159964,0.935436,0.059231,0.298079,0.201283,1.232306,0.998125,0.003137,0.519953,0.002482,0.000028,0.003763,0.000083
22.199348,hybrid_plane_surface,820,420,0.015876,0.015535,0.116444,0.015876,0.015535,0.116444,0.932896,0.063590,0.312823,0.240150,1.686136,0.998290,0.002642,0.512195,0.002868,0.000030,0.004407,0.000065
22.300004,hybrid_plane_surface,825,400,0.016242,0.018937,0.208980,0.016242,0.018937,0.208980,0.932595,0.068470,0.315947,0.245792,1.907143,0.998107,0.003263,0.484848,0.002519,0.000024,0.003844,0.000080
22.399846,hybrid_plane_surface,827,403,0.015914,0.018004,0.150101,0.015914,0.018004,0.150101,0.931574,0.072604,0.343097,0.266387,1.918283,0.998044,0.003129,0.487304,0.002649,0.000034,0.003647,0.000082
22.499685,hybrid_plane_surface,837,384,0.018833,0.018346,0.186375,0.018833,0.018346,0.186375,0.924684,0.062510,0.337744,0.250732,1.840890,0.997585,0.003476,0.458781,0.002881,0.000035,0.003952,0.000122
22.599532,hybrid_plane_surface,822,370,0.020336,0.022009,0.189593,0.020336,0.022009,0.189593,0.916019,0.086480,0.345481,0.257303,1.367600,0.997734,0.002999,0.450122,0.002926,0.000029,0.004014,0.000080
22.699377,hybrid_plane_surface,844,426,0.017944,0.019648,0.179269,0.017944,0.019648,0.179269,0.925178,0.074117,0.354480,0.257011,1.541233,0.997670,0.003394,0.504739,0.002746,0.000040,0.003783,0.000093
22.800016,hybrid_plane_surface,770,394,0.019012,0.022358,0.188169,0.019012,0.022358,0.188169,0.921416,0.082963,0.341028,0.265965,1.447304,0.997712,0.003025,0.511688,0.002605,0.000029,0.003394,0.000070
22.899859,hybrid_plane_surface,738,339,0.017539,0.019031,0.208609,0.017539,0.019031,0.208609,0.924549,0.071754,0.353815,0.294860,2.746091,0.997260,0.004414,0.459350,0.002084,0.000020,0.003252,0.000072
22.999685,hybrid_plane_surface,665,307,0.018536,0.020029,0.162387,0.018536,0.020029,0.162387,0.919375,0.083849,0.350713,0.280616,1.886680,0.997526,0.003426,0.461654,0.002372,0.000026,0.003035,0.000069
23.099523,hybrid_plane_surface,617,272,0.019591,0.018328,0.102530,0.019591,0.018328,0.102530,0.916967,0.076471,0.341341,0.275578,1.724541,0.997359,0.004246,0.440843,0.001775,0.000022,0.002694,0.000082
23.199366,hybrid_plane_surface,592,268,0.020386,0.019550,0.108900,0.020386,0.019550,0.108900,0.911392,0.082823,0.343302,0.248938,1.282556,0.997253,0.004137,0.452703,0.001899,0.000021,0.002623,0.000061
23.299986,hybrid_plane_surface,529,220,0.020872,0.018575,0.121375,0.020872,0.018575,0.121375,0.910007,0.082608,0.339345,0.272193,1.886601,0.997111,0.004816,0.415879,0.001598,0.000016,0.002549,0.000057
23.399821,hybrid_plane_surface,466,228,0.019153,0.018536,0.146508,0.019153,0.018536,0.146508,0.918471,0.073135,0.344547,0.278652,1.720333,0.997591,0.003842,0.489270,0.001634,0.000020,0.002271,0.000032
23.499645,hybrid_plane_surface,474,229,0.017538,0.014454,0.083640,0.017538,0.014454,0.083640,0.922579,0.063117,0.338387,0.284564,2.261609,0.997204,0.005050,0.483122,0.001778,0.000022,0.002729,0.000052
23.599471,hybrid_plane_surface,561,274,0.018214,0.018476,0.127490,0.018214,0.018476,0.127490,0.919923,0.081109,0.317719,0.242714,1.456653,0.997422,0.004019,0.488414,0.001694,0.000019,0.002699,0.000057
23.699713,hybrid_plane_surface,674,285,0.017301,0.016631,0.119977,0.017301,0.016631,0.119977,0.925045,0.066394,0.372186,0.256957,1.678402,0.997307,0.003864,0.422849,0.002415,0.000024,0.003393,0.000060
23.799553,hybrid_plane_surface,717,321,0.019918,0.021984,0.145904,0.019918,0.021984,0.145904,0.915706,0.088191,0.331095,0.244706,1.685693,0.997169,0.003727,0.447699,0.002457,0.000027,0.003461,0.000112
23.899395,hybrid_plane_surface,772,342,0.022221,0.026139,0.264403,0.022221,0.026139,0.264403,0.908549,0.091416,0.331420,0.233109,1.452638,0.997173,0.003313,0.443005,0.002944,0.000027,0.004032,0.000064
24.000045,hybrid_plane_surface,811,374,0.020762,0.022461,0.179519,0.020762,0.022461,0.179519,0.910345,0.087616,0.338347,0.264611,1.616977,0.997309,0.003144,0.461159,0.002703,0.000036,0.003747,0.000126
24.099885,hybrid_plane_surface,778,351,0.021496,0.024009,0.152172,0.021496,0.024009,0.152172,0.907335,0.095734,0.298182,0.190200,1.118800,0.997286,0.003738,0.451157,0.002513,0.000027,0.003553,0.000062
24.199711,hybrid_plane_surface,706,350,0.020103,0.021846,0.149432,0.020103,0.021846,0.149432,0.910758,0.087562,0.330920,0.233173,1.641699,0.997116,0.003815,0.495751,0.002301,0.000029,0.003246,0.000043
24.299564,hybrid_plane_surface,648,349,0.020413,0.023422,0.142746,0.020413,0.023422,0.142746,0.910496,0.091709,0.302026,0.194869,1.107330,0.997319,0.003497,0.538580,0.002209,0.000023,0.003371,0.000064
24.399394,hybrid_plane_surface,565,325,0.019034,0.020657,0.131355,0.019034,0.020657,0.131355,0.914827,0.080935,0.313529,0.206794,1.248573,0.996871,0.004337,0.575221,0.002222,0.000028,0.002726,0.000059
24.500028,hybrid_plane_surface,500,306,0.022573,0.020719,0.117206,0.022573,0.020719,0.117206,0.900514,0.082335,0.309326,0.210612,1.196819,0.997205,0.003691,0.612000,0.001696,0.000020,0.002299,0.000046
24.599876,hybrid_plane_surface,477,252,0.021484,0.024221,0.142055,0.021484,0.024221,0.142055,0.901696,0.095250,0.288411,0.209805,1.212146,0.996971,0.003622,0.528302,0.001658,0.000016,0.002249,0.000056
24.699719,hybrid_plane_surface,444,270,0.018549,0.023013,0.171405,0.018549,0.023013,0.171405,0.912702,0.098673,0.310521,0.224013,1.206094,0.997933,0.002605,0.608108,0.001697,0.000029,0.001989,0.000043
24.799572,hybrid_plane_surface,418,253,0.016874,0.023191,0.279093,0.016874,0.023191,0.279093,0.919819,0.083911,0.296799,0.224762,1.521286,0.998018,0.002647,0.605263,0.001589,0.000023,0.001975,0.000040
24.899418,hybrid_plane_surface,396,235,0.017091,0.019568,0.167277,0.017091,0.019568,0.167277,0.917195,0.083745,0.299776,0.216992,1.820893,0.997688,0.003186,0.593434,0.001224,0.000013,0.001703,0.000042
25.000049,hybrid_plane_surface,383,203,0.019341,0.029874,0.222545,0.019341,0.029874,0.222545,0.910013,0.110520,0.287769,0.194549,1.249677,0.997386,0.003780,0.530026,0.001157,0.000012,0.001625,0.000033
25.099899,hybrid_plane_surface,357,202,0.013932,0.017371,0.114516,0.013932,0.017371,0.114516,0.928961,0.080252,0.314078,0.245460,1.419271,0.997841,0.003621,0.565826,0.001170,0.000015,0.001761,0.000045
25.199736,hybrid_plane_surface,330,188,0.013567,0.022697,0.184021,0.013567,0.022697,0.184021,0.932659,0.089656,0.298849,0.195614,1.238700,0.998190,0.002924,0.569697,0.001178,0.000020,0.001459,0.000026
25.299575,hybrid_plane_surface,301,177,0.011860,0.015970,0.155099,0.011860,0.015970,0.155099,0.938659,0.067906,0.320455,0.251721,1.505296,0.998299,0.002900,0.588040,0.001024,0.000013,0.001433,0.000045
25.399403,hybrid_plane_surface,236,143,0.010783,0.017226,0.174353,0.010783,0.017226,0.174353,0.943797,0.067677,0.312748,0.209600,1.345113,0.998147,0.003086,0.605932,0.001004,0.000011,0.001382,0.000027
25.500046,hybrid_plane_surface,183,111,0.012607,0.018172,0.111738,0.012607,0.018172,0.111738,0.935069,0.078426,0.280282,0.179473,1.036993,0.998015,0.003561,0.606557,0.000666,0.000009,0.000928,0.000030
25.599880,hybrid_plane_surface,128,99,0.013982,0.016950,0.140513,0.013982,0.016950,0.140513,0.926207,0.076757,0.391240,0.430009,2.264004,0.998241,0.003063,0.773438,0.000605,0.000008,0.000728,0.000033
25.699703,hybrid_plane_surface,89,72,0.022239,0.033267,0.177623,0.022239,0.033267,0.177623,0.893776,0.132127,0.556547,0.655227,2.600119,0.997685,0.003716,0.808989,0.000349,0.000006,0.000487,0.000054
25.799533,hybrid_plane_surface,55,36,0.016296,0.019898,0.095096,0.016296,0.019898,0.095096,0.910772,0.097731,0.541942,0.590932,2.666788,0.996573,0.005327,0.654545,0.000257,0.000005,0.000301,0.000014
25.899360,hybrid_plane_surface,39,15,0.010408,0.011350,0.048990,0.010408,0.011350,0.048990,0.936010,0.048037,0.746161,0.682081,2.215343,0.997019,0.005088,0.384615,0.000139,0.000002,0.000185,0.000023
26.000004,hybrid_plane_surface,32,10,0.009354,0.014107,0.049902,0.009354,0.014107,0.049902,0.942352,0.062167,0.386025,0.173507,0.711479,0.997683,0.004101,0.312500,0.000138,0.000002,0.000164,0.000020
26.099850,hybrid_plane_surface,30,10,0.025626,0.018949,0.066508,0.025626,0.018949,0.066508,0.877950,0.073060,0.393897,0.211631,0.813539,0.995106,0.006820,0.333333,0.000130,0.000002,0.000134,0.000047
26.199702,hybrid_plane_surface,31,16,0.010477,0.012900,0.055743,0.010477,0.012900,0.055743,0.934734,0.053458,0.819396,0.496444,1.979434,0.998833,0.004021,0.516129,0.000111,0.000002,0.000126,0.000020
26.299538,hybrid_plane_surface,45,31,0.019482,0.024750,0.107457,0.019482,0.024750,0.107457,0.892178,0.105090,0.893815,0.987678,3.898796,0.997062,0.005623,0.688889,0.000247,0.000004,0.000223,0.000029
26.399398,hybrid_plane_surface,49,20,0.008816,0.011599,0.037237,0.008816,0.011599,0.037237,0.946001,0.056332,0.423056,0.306093,1.191751,0.998845,0.002762,0.408163,0.000212,0.000002,0.000225,0.000013
26.500034,hybrid_plane_surface,70,25,0.008130,0.004030,0.014775,0.008130,0.004030,0.014775,0.945496,0.020787,0.539106,0.346171,1.755132,0.998888,0.001454,0.357143,0.000213,0.000003,0.000312,0.000037
26.599890,hybrid_plane_surface,83,27,0.009940,0.008794,0.039515,0.009940,0.008794,0.039515,0.940554,0.037942,0.502521,0.463033,1.830517,0.998839,0.002225,0.325301,0.000274,0.000004,0.000374,0.000049
26.699727,hybrid_plane_surface,111,41,0.018116,0.022563,0.099005,0.018116,0.022563,0.099005,0.906044,0.100987,0.404494,0.296424,1.226529,0.997759,0.003926,0.369369,0.000372,0.000006,0.000514,0.000041
26.799584,hybrid_plane_surface,107,29,0.012406,0.014750,0.071229,0.012406,0.014750,0.071229,0.930825,0.061127,0.420489,0.339588,1.252628,0.997449,0.004334,0.271028,0.000354,0.000005,0.000492,0.000049
26.899424,hybrid_plane_surface,90,17,0.024124,0.030050,0.129064,0.024124,0.030050,0.129064,0.876432,0.139858,0.324117,0.214158,0.873498,0.996060,0.005102,0.188889,0.000307,0.000002,0.000375,0.000011
27.000056,hybrid_plane_surface,87,11,0.020587,0.017208,0.068350,0.020587,0.017208,0.068350,0.891461,0.079775,0.393643,0.192588,0.736155,0.998866,0.002135,0.126437,0.000241,0.000001,0.000363,0.000007
27.099895,hybrid_plane_surface,66,11,0.027179,0.021259,0.075683,0.027179,0.021259,0.075683,0.862821,0.087217,0.439407,0.232706,0.971225,0.996799,0.005323,0.166667,0.000219,0.000003,0.000308,0.000019
27.199735,hybrid_plane_surface,61,7,0.013720,0.006506,0.024006,0.013720,0.006506,0.024006,0.920157,0.034120,0.329954,0.136420,0.570841,0.996381,0.004190,0.114754,0.000185,0.000001,0.000286,0.000025
27.299583,hybrid_plane_surface,65,5,0.010637,0.003262,0.016090,0.010637,0.003262,0.016090,0.928484,0.017496,0.556580,0.121226,0.694580,0.998024,0.000176,0.076923,0.000187,0.000001,0.000290,0.000003
27.399414,hybrid_plane_surface,75,11,0.011899,0.018370,0.068358,0.011899,0.018370,0.068358,0.929230,0.078630,0.629052,0.555971,2.197481,0.997453,0.003850,0.146667,0.000215,0.000002,0.000317,0.000030
27.500057,hybrid_plane_surface,74,11,0.011275,0.007285,0.030677,0.011275,0.007285,0.030677,0.931783,0.038668,0.411856,0.196738,0.887027,0.998786,0.001393,0.148649,0.000209,0.000002,0.000334,0.000013
27.599909,hybrid_plane_surface,88,20,0.008962,0.007107,0.024620,0.008962,0.007107,0.024620,0.944645,0.034297,0.324292,0.183198,0.750061,0.997996,0.003239,0.227273,0.000279,0.000003,0.000404,0.000015
27.699754,hybrid_plane_surface,85,17,0.013472,0.013946,0.051827,0.013472,0.013946,0.051827,0.923122,0.067422,0.342394,0.220199,0.906614,0.996821,0.004072,0.200000,0.000335,0.000003,0.000437,0.000017
27.799596,hybrid_plane_surface,121,28,0.013463,0.016575,0.073903,0.013463,0.016575,0.073903,0.925452,0.072147,0.402192,0.215058,0.817312,0.997353,0.003900,0.231405,0.000482,0.000005,0.000588,0.000037
27.899418,hybrid_plane_surface,148,46,0.014746,0.014175,0.066832,0.014746,0.014175,0.066832,0.917220,0.069656,0.531881,0.642346,3.041067,0.998431,0.002008,0.310811,0.000513,0.000006,0.000714,0.000056
28.000061,hybrid_plane_surface,161,55,0.016425,0.027541,0.202685,0.016425,0.027541,0.202685,0.918607,0.088945,0.521719,0.700230,3.387767,0.998626,0.002850,0.341615,0.000516,0.000006,0.000713,0.000080
28.099907,hybrid_plane_surface,114,46,0.018692,0.029183,0.187730,0.018692,0.029183,0.187730,0.906701,0.103136,0.389223,0.346820,2.099761,0.998265,0.003633,0.403509,0.000407,0.000007,0.000549,0.000020
28.199740,hybrid_plane_surface,72,9,0.014527,0.015730,0.048383,0.014527,0.015730,0.048383,0.917235,0.075616,0.500992,0.226039,0.874804,0.997511,0.003402,0.125000,0.000229,0.000002,0.000327,0.000032
28.299575,hybrid_plane_surface,52,5,0.007789,0.005890,0.018467,0.007789,0.005890,0.018467,0.949972,0.030012,0.479012,0.344416,0.961772,0.998896,0.000771,0.096154,0.000193,0.000001,0.000284,0.000012
28.399429,hybrid_plane_surface,53,4,0.005980,0.002114,0.008806,0.005980,0.002114,0.008806,0.960236,0.013048,0.302699,0.164027,0.461153,0.998572,0.000534,0.075472,0.000176,0.000001,0.000288,0.000014
28.499669,hybrid_plane_surface,45,6,0.008844,0.006914,0.023437,0.008844,0.006914,0.023437,0.941788,0.035459,0.402613,0.228647,0.862612,0.998884,0.000561,0.133333,0.000145,0.000001,0.000225,0.000000
28.599522,hybrid_plane_surface,33,6,0.007735,0.005110,0.015968,0.007735,0.005110,0.015968,0.951430,0.025306,0.330698,0.188999,0.663591,0.998678,0.000361,0.181818,0.000143,0.000001,0.000193,0.000005
28.699359,hybrid_plane_surface,28,4,0.021514,0.009642,0.031745,0.021514,0.009642,0.031745,0.884409,0.045010,0.306275,0.128914,0.459612,0.995313,0.005694,0.142857,0.000141,0.000001,0.000162,0.000006
28.799991,hybrid_plane_surface,27,2,0.005703,0.001500,0.007203,0.005703,0.001500,0.007203,0.959503,0.009863,0.448287,0.243367,0.691654,0.998479,0.000104,0.074074,0.000102,0.000000,0.000128,0.000007
28.899826,hybrid_plane_surface,30,7,0.025701,0.030446,0.092216,0.025701,0.030446,0.092216,0.857237,0.151443,0.393030,0.178296,0.721312,0.997459,0.001067,0.233333,0.000116,0.000001,0.000145,0.000011
28.999673,hybrid_plane_surface,25,8,0.021647,0.012118,0.043434,0.021647,0.012118,0.043434,0.883553,0.057374,0.339305,0.148385,0.540124,0.996940,0.005192,0.320000,0.000114,0.000001,0.000127,0.000003
29.099514,hybrid_plane_surface,53,19,0.011505,0.010698,0.050447,0.011505,0.010698,0.050447,0.932811,0.042083,0.748843,0.710529,2.163754,0.997298,0.004094,0.358491,0.000252,0.000003,0.000285,0.000025
29.199747,hybrid_plane_surface,109,75,0.008451,0.009248,0.044985,0.008451,0.009248,0.044985,0.950708,0.043373,0.333098,0.293294,1.778310,0.998820,0.002163,0.688073,0.000415,0.000008,0.000505,0.000056
29.299580,hybrid_plane_surface,269,159,0.011070,0.014574,0.134998,0.011070,0.014574,0.134998,0.943008,0.063529,0.298619,0.173444,1.003069,0.998844,0.002160,0.591078,0.001235,0.000018,0.001547,0.000160
29.399428,hybrid_plane_surface,393,223,0.011516,0.012509,0.149054,0.011516,0.012509,0.149054,0.943110,0.052020,0.273131,0.174847,1.229342,0.998473,0.002664,0.567430,0.001332,0.000018,0.001916,0.000091
29.499675,hybrid_plane_surface,457,256,0.014832,0.024642,0.208898,0.014832,0.024642,0.208898,0.932818,0.091242,0.260744,0.173145,1.326861,0.998512,0.002467,0.560175,0.001720,0.000025,0.002177,0.000081
29.599513,hybrid_plane_surface,528,306,0.011911,0.015030,0.169762,0.011911,0.015030,0.169762,0.941600,0.061982,0.279902,0.189686,1.240299,0.998227,0.003056,0.579545,0.001947,0.000028,0.002563,0.000049
29.699356,hybrid_plane_surface,571,314,0.012499,0.011580,0.070950,0.012499,0.011580,0.070950,0.938771,0.051103,0.274524,0.180885,1.230057,0.997913,0.003191,0.549912,0.001964,0.000026,0.002546,0.000031
29.799987,hybrid_plane_surface,559,308,0.015752,0.020472,0.157878,0.015752,0.020472,0.157878,0.926168,0.083699,0.265981,0.187726,1.237891,0.997678,0.003217,0.550984,0.002245,0.000025,0.002813,0.000025
29.899833,hybrid_plane_surface,536,282,0.017726,0.021879,0.147956,0.017726,0.021879,0.147956,0.917534,0.089819,0.280438,0.209360,1.276169,0.997298,0.003550,0.526119,0.001884,0.000025,0.002433,0.000051
29.999677,hybrid_plane_surface,527,285,0.022552,0.023020,0.194386,0.022552,0.023020,0.194386,0.901416,0.089522,0.290488,0.195885,1.227655,0.996919,0.003787,0.540797,0.001697,0.000023,0.002020,0.000059
30.099521,hybrid_plane_surface,597,312,0.021281,0.022571,0.149430,0.021281,0.022571,0.149430,0.904529,0.089370,0.297710,0.209191,1.260030,0.996838,0.003559,0.522613,0.002064,0.000025,0.002907,0.000045
30.199368,hybrid_plane_surface,759,373,0.023182,0.025549,0.179016,0.023182,0.025549,0.179016,0.902091,0.093682,0.291250,0.195795,1.100136,0.997071,0.003144,0.491436,0.002249,0.000028,0.003245,0.000054
30.299997,hybrid_plane_surface,762,354,0.021355,0.023246,0.139268,0.021355,0.023246,0.139268,0.910310,0.086211,0.302649,0.203740,1.219960,0.996959,0.004260,0.464567,0.002632,0.000027,0.003780,0.000084
30.399826,hybrid_plane_surface,723,313,0.021683,0.023522,0.209001,0.021683,0.023522,0.209001,0.908102,0.086395,0.332080,0.262452,2.146335,0.996814,0.003898,0.432918,0.002488,0.000029,0.003643,0.000052
30.499660,hybrid_plane_surface,733,310,0.021106,0.020861,0.105038,0.021106,0.020861,0.105038,0.910363,0.079644,0.318533,0.208950,1.412919,0.996942,0.003772,0.422920,0.002398,0.000025,0.003546,0.000063
30.599489,hybrid_plane_surface,758,317,0.020466,0.022867,0.178736,0.020466,0.022867,0.178736,0.913745,0.084457,0.348985,0.236293,1.377345,0.996807,0.004626,0.418206,0.002254,0.000021,0.003503,0.000053
30.699738,hybrid_plane_surface,652,294,0.019354,0.021622,0.132011,0.019354,0.021622,0.132011,0.914365,0.092501,0.348517,0.259812,1.829904,0.997129,0.004465,0.450920,0.002311,0.000024,0.003008,0.000077
30.799584,hybrid_plane_surface,588,270,0.018842,0.019684,0.124205,0.018842,0.019684,0.124205,0.922046,0.073317,0.320018,0.239602,1.453992,0.997555,0.003438,0.459184,0.001873,0.000022,0.002727,0.000037
30.899416,hybrid_plane_surface,504,258,0.020139,0.020863,0.118541,0.020139,0.020863,0.118541,0.912788,0.089265,0.339215,0.249364,1.442326,0.997246,0.005768,0.511905,0.002057,0.000023,0.002632,0.000040
31.000045,hybrid_plane_surface,485,240,0.015983,0.017527,0.107335,0.015983,0.017527,0.107335,0.925156,0.081898,0.361402,0.358402,4.532078,0.997527,0.004741,0.494845,0.001668,0.000019,0.002241,0.000021
31.099908,hybrid_plane_surface,489,247,0.016971,0.019877,0.195873,0.016971,0.019877,0.195873,0.923665,0.085627,0.331907,0.237023,1.505758,0.998057,0.003291,0.505112,0.001505,0.000016,0.002260,0.000024
31.199742,hybrid_plane_surface,539,292,0.017484,0.021441,0.187916,0.017484,0.021441,0.187916,0.922504,0.088798,0.294803,0.194396,1.064763,0.997606,0.004014,0.541744,0.001795,0.000018,0.002423,0.000010
31.299592,hybrid_plane_surface,558,285,0.015309,0.017881,0.108507,0.015309,0.017881,0.108507,0.928916,0.080132,0.290895,0.187747,0.982849,0.998030,0.002734,0.510753,0.002050,0.000027,0.002723,0.000009
31.399439,hybrid_plane_surface,571,290,0.013622,0.012117,0.091527,0.013622,0.012117,0.091527,0.938110,0.050286,0.299558,0.187007,1.262537,0.998035,0.003124,0.507881,0.001941,0.000019,0.002559,0.000031
31.499687,hybrid_plane_surface,505,243,0.012554,0.012056,0.071470,0.012554,0.012056,0.071470,0.941666,0.049598,0.259972,0.152068,0.905412,0.997881,0.003468,0.481188,0.001784,0.000023,0.002272,0.000024
31.599518,hybrid_plane_surface,467,212,0.012680,0.014336,0.140736,0.012680,0.014336,0.140736,0.940187,0.055618,0.279875,0.195180,1.516632,0.997840,0.003585,0.453961,0.001844,0.000022,0.002311,0.000029
31.699368,hybrid_plane_surface,436,208,0.014809,0.016232,0.107385,0.014809,0.016232,0.107385,0.928207,0.077577,0.271986,0.162151,0.966501,0.997782,0.003383,0.477064,0.001634,0.000018,0.002213,0.000012
31.800011,hybrid_plane_surface,384,165,0.013760,0.017082,0.118141,0.013760,0.017082,0.118141,0.933976,0.071045,0.266715,0.168829,0.987244,0.997738,0.002663,0.429688,0.001361,0.000014,0.001696,0.000011
31.899848,hybrid_plane_surface,361,141,0.018830,0.015701,0.117191,0.018830,0.015701,0.117191,0.914795,0.064533,0.296476,0.229092,1.478239,0.998183,0.002945,0.390582,0.001426,0.000014,0.001749,0.000021
31.999693,hybrid_plane_surface,492,245,0.012881,0.012430,0.087525,0.012881,0.012430,0.087525,0.938580,0.052897,0.274072,0.166817,1.243686,0.998146,0.002514,0.497967,0.001638,0.000024,0.002195,0.000026
32.099542,hybrid_plane_surface,695,399,0.013030,0.012832,0.108682,0.013030,0.012832,0.108682,0.938994,0.053612,0.286299,0.183067,1.277176,0.998088,0.002943,0.574101,0.002394,0.000032,0.002960,0.000021
32.199389,hybrid_plane_surface,789,403,0.014953,0.016019,0.151772,0.014953,0.016019,0.151772,0.931806,0.065306,0.288472,0.203184,1.437036,0.998027,0.003234,0.510773,0.002588,0.000037,0.003446,0.000036
32.300025,hybrid_plane_surface,715,380,0.018572,0.019790,0.153353,0.018572,0.019790,0.153353,0.919638,0.079463,0.299761,0.199412,1.410459,0.997900,0.003127,0.531469,0.002317,0.000030,0.002891,0.000027
32.399859,hybrid_plane_surface,646,360,0.015915,0.014357,0.115207,0.015915,0.014357,0.115207,0.929719,0.059464,0.321501,0.212081,1.555982,0.997620,0.003874,0.557276,0.002543,0.000028,0.003293,0.000027
32.499693,hybrid_plane_surface,449,231,0.019904,0.018609,0.105862,0.019904,0.018609,0.105862,0.919000,0.071300,0.323014,0.235669,1.505810,0.997829,0.002944,0.514477,0.001582,0.000024,0.002283,0.000031
32.599530,hybrid_plane_surface,325,164,0.024327,0.022929,0.127971,0.024327,0.022929,0.127971,0.897158,0.091355,0.347655,0.230236,1.211157,0.997489,0.003946,0.504615,0.001120,0.000015,0.001629,0.000027
32.699372,hybrid_plane_surface,229,101,0.019037,0.020685,0.147073,0.019037,0.020685,0.147073,0.914663,0.072194,0.385304,0.305229,1.829857,0.996589,0.005415,0.441048,0.000868,0.000010,0.001293,0.000009
32.800012,hybrid_plane_surface,209,74,0.027980,0.026940,0.127070,0.027980,0.026940,0.127070,0.874590,0.124821,0.443564,0.298763,1.534204,0.996901,0.004626,0.354067,0.000691,0.000008,0.001119,0.000012
32.899832,hybrid_plane_surface,227,79,0.019668,0.018122,0.078104,0.019668,0.018122,0.078104,0.913358,0.073184,0.390951,0.251466,1.264117,0.997491,0.002686,0.348018,0.000949,0.000009,0.001442,0.000016
32.999673,hybrid_plane_surface,348,130,0.025154,0.028239,0.158894,0.025154,0.028239,0.158894,0.888965,0.120171,0.349030,0.276673,1.632587,0.996749,0.004630,0.373563,0.001355,0.000018,0.001940,0.000035
33.099507,hybrid_plane_surface,448,207,0.022174,0.017094,0.074433,0.022174,0.017094,0.074433,0.907551,0.061419,0.303560,0.221261,1.400154,0.997775,0.003641,0.462054,0.001618,0.000018,0.002047,0.000021
33.199743,hybrid_plane_surface,594,307,0.017120,0.015806,0.094459,0.017120,0.015806,0.094459,0.923640,0.068108,0.295918,0.200412,1.289434,0.997629,0.003769,0.516835,0.002367,0.000026,0.002944,0.000018
33.299586,hybrid_plane_surface,709,376,0.014512,0.015123,0.121382,0.014512,0.015123,0.121382,0.934136,0.061451,0.286062,0.190516,1.615730,0.997718,0.003673,0.530324,0.002508,0.000034,0.003318,0.000034
33.399409,hybrid_plane_surface,802,436,0.015518,0.014300,0.150324,0.015518,0.014300,0.150324,0.930863,0.057515,0.292096,0.187304,1.291255,0.998028,0.003394,0.543641,0.003126,0.000036,0.003877,0.000027
33.500051,hybrid_plane_surface,789,432,0.015609,0.015104,0.156006,0.015609,0.015104,0.156006,0.930638,0.063303,0.277068,0.195390,1.331115,0.998279,0.002411,0.547529,0.003128,0.000043,0.004062,0.000048
33.599893,hybrid_plane_surface,854,440,0.015910,0.016844,0.144970,0.015910,0.016844,0.144970,0.931791,0.064929,0.291263,0.182162,1.084285,0.997978,0.003345,0.515222,0.002582,0.000035,0.003809,0.000035
33.699734,hybrid_plane_surface,782,413,0.018625,0.018392,0.109900,0.018625,0.018392,0.109900,0.924280,0.066536,0.311605,0.215045,1.516628,0.997591,0.003679,0.528133,0.002623,0.000036,0.003594,0.000046
33.799579,hybrid_plane_surface,680,307,0.029569,0.024908,0.144938,0.029569,0.024908,0.144938,0.888491,0.080001,0.328176,0.221397,1.344629,0.997267,0.004355,0.451471,0.002741,0.000028,0.003606,0.000046
33.899402,hybrid_plane_surface,525,246,0.025987,0.021971,0.129204,0.025987,0.021971,0.129204,0.893466,0.089017,0.344030,0.256481,1.471067,0.997444,0.002795,0.468571,0.001929,0.000027,0.002975,0.000067
34.000034,hybrid_plane_surface,393,184,0.021509,0.018595,0.100999,0.021509,0.018595,0.100999,0.907408,0.080556,0.342194,0.236301,1.411241,0.997028,0.004608,0.468193,0.001794,0.000016,0.002245,0.000026
34.099881,hybrid_plane_surface,365,156,0.017395,0.016346,0.104317,0.017395,0.016346,0.104317,0.923353,0.067721,0.305335,0.188370,0.931439,0.997269,0.004404,0.427397,0.001350,0.000010,0.001891,0.000017
34.199730,hybrid_plane_surface,426,184,0.018122,0.016541,0.096379,0.018122,0.016541,0.096379,0.917796,0.072842,0.304963,0.207705,1.207986,0.996973,0.005025,0.431925,0.001595,0.000017,0.002136,0.000019
34.299576,hybrid_plane_surface,435,182,0.017142,0.021074,0.176616,0.017142,0.021074,0.176616,0.921150,0.085901,0.315477,0.210376,1.409956,0.997333,0.003998,0.418391,0.001857,0.000017,0.002342,0.000009
34.399416,hybrid_plane_surface,425,189,0.015484,0.017027,0.126010,0.015484,0.017027,0.126010,0.925767,0.079569,0.286021,0.185378,1.051744,0.997375,0.003612,0.444706,0.001311,0.000013,0.001999,0.000014
34.500057,hybrid_plane_surface,365,155,0.014899,0.015377,0.132849,0.014899,0.015377,0.132849,0.928449,0.060542,0.269086,0.171630,0.910889,0.996838,0.004702,0.424658,0.001353,0.000013,0.001692,0.000011
34.599890,hybrid_plane_surface,305,122,0.016678,0.016518,0.105474,0.016678,0.016518,0.105474,0.923009,0.068834,0.249373,0.147106,0.953028,0.997624,0.003809,0.400000,0.001101,0.000012,0.001445,0.000009
34.699738,hybrid_plane_surface,320,129,0.014199,0.014704,0.095686,0.014199,0.014704,0.095686,0.930746,0.066079,0.299430,0.260405,1.676050,0.997604,0.003849,0.403125,0.001133,0.000014,0.001546,0.000028
34.799572,hybrid_plane_surface,384,195,0.014323,0.015381,0.104586,0.014323,0.015381,0.104586,0.930324,0.069679,0.257776,0.181661,1.292755,0.998028,0.003084,0.507812,0.001406,0.000018,0.001799,0.000014
34.899415,hybrid_plane_surface,390,211,0.015951,0.012221,0.056434,0.015951,0.012221,0.056434,0.928223,0.048242,0.267164,0.164572,1.199083,0.998092,0.002518,0.541026,0.001651,0.000025,0.002029,0.000028
35.000057,hybrid_plane_surface,356,164,0.013048,0.015713,0.144273,0.013048,0.015713,0.144273,0.934406,0.070356,0.265753,0.184679,1.215686,0.997691,0.003368,0.460674,0.001267,0.000018,0.001534,0.000036
35.099901,hybrid_plane_surface,283,111,0.014330,0.014621,0.109517,0.014330,0.014621,0.109517,0.927729,0.063080,0.262838,0.161791,0.990088,0.997562,0.003747,0.392226,0.001065,0.000012,0.001450,0.000022
35.199735,hybrid_plane_surface,285,112,0.013506,0.017907,0.169411,0.013506,0.017907,0.169411,0.932323,0.071541,0.262399,0.177506,1.209762,0.997573,0.004013,0.392982,0.001131,0.000012,0.001468,0.000024
35.299576,hybrid_plane_surface,329,128,0.013035,0.012443,0.079196,0.013035,0.012443,0.079196,0.934324,0.057898,0.256107,0.155176,0.961938,0.997449,0.003583,0.389058,0.001097,0.000014,0.001506,0.000021
35.399426,hybrid_plane_surface,386,189,0.021578,0.018090,0.086399,0.021578,0.018090,0.086399,0.902365,0.071768,0.269136,0.177654,1.251712,0.997561,0.004130,0.489637,0.001566,0.000019,0.002029,0.000026
35.499675,hybrid_plane_surface,342,163,0.013233,0.012080,0.084705,0.013233,0.012080,0.084705,0.934639,0.053919,0.263045,0.165107,0.954185,0.997472,0.003770,0.476608,0.001254,0.000016,0.001666,0.000021
35.599508,hybrid_plane_surface,263,95,0.016412,0.014734,0.077796,0.016412,0.014734,0.077796,0.917058,0.070539,0.293003,0.161104,0.797496,0.996428,0.005274,0.361217,0.000979,0.000011,0.001355,0.000019
35.699359,hybrid_plane_surface,243,75,0.015691,0.017083,0.074523,0.015691,0.017083,0.074523,0.919723,0.076933,0.285953,0.209488,1.201180,0.996819,0.004357,0.308642,0.000953,0.000009,0.001397,0.000029
35.799999,hybrid_plane_surface,281,119,0.017565,0.017762,0.112566,0.017565,0.017762,0.112566,0.915171,0.075723,0.265919,0.173081,0.985085,0.997102,0.004207,0.423488,0.001025,0.000012,0.001359,0.000044
35.899827,hybrid_plane_surface,412,221,0.014496,0.013672,0.106217,0.014496,0.013672,0.106217,0.930690,0.060016,0.264178,0.149729,0.863570,0.997700,0.003469,0.536408,0.001360,0.000017,0.001726,0.000047
35.999662,hybrid_plane_surface,589,317,0.012665,0.011032,0.064820,0.012665,0.011032,0.064820,0.940274,0.044704,0.265537,0.164980,1.156927,0.997863,0.003128,0.538200,0.002275,0.000027,0.002727,0.000024
36.099505,hybrid_plane_surface,713,380,0.011049,0.011293,0.097371,0.011049,0.011293,0.097371,0.946839,0.047407,0.261364,0.159426,1.127157,0.997827,0.003121,0.532959,0.002607,0.000033,0.003340,0.000026
36.199348,hybrid_plane_surface,726,380,0.014332,0.014469,0.112144,0.014332,0.014469,0.112144,0.933316,0.067025,0.277129,0.183123,1.690739,0.997765,0.002908,0.523416,0.003026,0.000033,0.003872,0.000033
36.299985,hybrid_plane_surface,728,377,0.015363,0.016334,0.129046,0.015363,0.016334,0.129046,0.930667,0.069020,0.294379,0.198675,1.429436,0.997792,0.003064,0.517857,0.003017,0.000030,0.004040,0.000040
36.399831,hybrid_plane_surface,647,338,0.016102,0.015096,0.098289,0.016102,0.015096,0.098289,0.929132,0.063353,0.300334,0.226286,1.667276,0.997405,0.003802,0.522411,0.002250,0.000027,0.003211,0.000052
36.499678,hybrid_plane_surface,702,351,0.019449,0.020854,0.161478,0.019449,0.020854,0.161478,0.919080,0.076665,0.320907,0.234545,1.306077,0.996843,0.003856,0.500000,0.002566,0.000042,0.003515,0.000077
36.599526,hybrid_plane_surface,716,343,0.019842,0.019706,0.117818,0.019842,0.019706,0.117818,0.916004,0.077861,0.344823,0.257573,1.539116,0.996580,0.004400,0.479050,0.002519,0.000032,0.003342,0.000042
36.699368,hybrid_plane_surface,784,345,0.022723,0.024305,0.186746,0.022723,0.024305,0.186746,0.905728,0.094614,0.320540,0.232473,1.280353,0.996138,0.004832,0.440051,0.002624,0.000022,0.003600,0.000073
36.799994,hybrid_plane_surface,813,376,0.021795,0.024656,0.212609,0.021795,0.024656,0.212609,0.908101,0.096504,0.306852,0.212753,1.341489,0.996518,0.004153,0.462485,0.004586,0.000027,0.004238,0.000053
36.899826,hybrid_plane_surface,845,409,0.019554,0.020073,0.131547,0.019554,0.020073,0.131547,0.917491,0.077538,0.317953,0.231423,1.467897,0.996831,0.004044,0.484024,0.003104,0.000035,0.004119,0.000240
36.999674,hybrid_plane_surface,796,401,0.018567,0.021419,0.147603,0.018567,0.021419,0.147603,0.919280,0.088554,0.307759,0.195067,1.253224,0.996950,0.004100,0.503769,0.003888,0.000044,0.004297,0.000124
37.099524,hybrid_plane_surface,736,376,0.019575,0.024701,0.149983,0.019575,0.024701,0.149983,0.917247,0.093089,0.286882,0.197363,1.404542,0.997069,0.003819,0.510870,0.002380,0.000033,0.002868,0.000054
37.199366,hybrid_plane_surface,712,366,0.019187,0.023969,0.196155,0.019187,0.023969,0.196155,0.919188,0.089021,0.285462,0.195229,1.392660,0.997207,0.003748,0.514045,0.002666,0.000034,0.003279,0.000064
37.300000,hybrid_plane_surface,725,380,0.019973,0.021732,0.156822,0.019973,0.021732,0.156822,0.916826,0.081190,0.290670,0.199188,1.240702,0.997006,0.003964,0.524138,0.002127,0.000032,0.002777,0.000031
37.399833,hybrid_plane_surface,738,389,0.018090,0.019932,0.119932,0.018090,0.019932,0.119932,0.922865,0.080439,0.281157,0.190072,1.190105,0.997318,0.003847,0.527100,0.002216,0.000026,0.003277,0.000043
37.499682,hybrid_plane_surface,745,406,0.019659,0.023859,0.223172,0.019659,0.023859,0.223172,0.918591,0.086868,0.312546,0.212881,1.361221,0.997298,0.004010,0.544966,0.002187,0.000031,0.002979,0.000050
37.599527,hybrid_plane_surface,770,398,0.019955,0.020445,0.110792,0.019955,0.020445,0.110792,0.917295,0.078519,0.299682,0.201470,1.088487,0.997041,0.003407,0.516883,0.002913,0.000031,0.003946,0.000061
37.699379,hybrid_plane_surface,778,373,0.019066,0.020105,0.112615,0.019066,0.020105,0.112615,0.920958,0.074290,0.314379,0.226819,1.378437,0.996995,0.003463,0.479434,0.002705,0.000033,0.003587,0.000050
37.800023,hybrid_plane_surface,780,355,0.019550,0.021996,0.142775,0.019550,0.021996,0.142775,0.918988,0.085770,0.318173,0.209419,1.331599,0.996733,0.004281,0.455128,0.002163,0.000027,0.003202,0.000054
37.899845,hybrid_plane_surface,769,337,0.020519,0.021707,0.179522,0.020519,0.021707,0.179522,0.919166,0.077747,0.313160,0.205416,1.242118,0.996905,0.003634,0.438231,0.002198,0.000023,0.003493,0.000066
37.999702,hybrid_plane_surface,766,326,0.016314,0.016695,0.104984,0.016314,0.016695,0.104984,0.932366,0.060686,0.313657,0.197211,1.143244,0.996800,0.004270,0.425587,0.001986,0.000021,0.003270,0.000082
38.099544,hybrid_plane_surface,781,368,0.018249,0.020184,0.146571,0.018249,0.020184,0.146571,0.922647,0.083915,0.320760,0.232527,1.474999,0.997085,0.003909,0.471191,0.002022,0.000028,0.002874,0.000047
38.199387,hybrid_plane_surface,786,396,0.015891,0.017354,0.184793,0.015891,0.017354,0.184793,0.931697,0.066726,0.301611,0.208340,1.295424,0.997307,0.004099,0.503817,0.002383,0.000032,0.003584,0.000030
38.300046,hybrid_plane_surface,835,418,0.017369,0.017497,0.143413,0.017369,0.017497,0.143413,0.925924,0.068795,0.309386,0.227515,1.483760,0.997231,0.004497,0.500599,0.002845,0.000033,0.003662,0.000058
38.399886,hybrid_plane_surface,816,423,0.016107,0.017613,0.208940,0.016107,0.017613,0.208940,0.932517,0.062623,0.284590,0.185814,1.069562,0.997973,0.003073,0.518382,0.003327,0.000052,0.004142,0.000089
38.499727,hybrid_plane_surface,793,387,0.017026,0.014252,0.109208,0.017026,0.014252,0.109208,0.929842,0.051714,0.288254,0.195556,1.243175,0.997935,0.002716,0.488020,0.002646,0.000032,0.003630,0.000096
38.599569,hybrid_plane_surface,771,328,0.019410,0.021405,0.223472,0.019410,0.021405,0.223472,0.921748,0.069252,0.297179,0.218487,1.572587,0.997451,0.003895,0.425422,0.002440,0.000030,0.003452,0.000111
38.699409,hybrid_plane_surface,703,258,0.021447,0.021851,0.210535,0.021447,0.021851,0.210535,0.916742,0.069398,0.302851,0.215624,1.466983,0.997568,0.004092,0.366999,0.002107,0.000023,0.002960,0.000101
38.800056,hybrid_plane_surface,688,279,0.019808,0.019875,0.129974,0.019808,0.019875,0.129974,0.921046,0.069340,0.314429,0.229892,1.596596,0.997324,0.004570,0.405523,0.002198,0.000023,0.002936,0.000092
38.899899,hybrid_plane_surface,695,312,0.018309,0.020322,0.172259,0.018309,0.020322,0.172259,0.924304,0.070695,0.312441,0.231977,1.753462,0.997743,0.003854,0.448921,0.002369,0.000029,0.003139,0.000086
38.999753,hybrid_plane_surface,692,381,0.015281,0.015985,0.117502,0.015281,0.015985,0.117502,0.932415,0.058231,0.304737,0.215406,1.404606,0.997803,0.003604,0.550578,0.002263,0.000029,0.002861,0.000069
39.099609,hybrid_plane_surface,655,398,0.015927,0.022185,0.180429,0.015927,0.022185,0.180429,0.928293,0.082912,0.313489,0.287225,2.286318,0.997791,0.003369,0.607634,0.002311,0.000032,0.002894,0.000093
39.199442,hybrid_plane_surface,547,335,0.016391,0.018830,0.136649,0.016391,0.018830,0.136649,0.924400,0.076403,0.280676,0.177645,1.430446,0.997274,0.004008,0.612431,0.001648,0.000025,0.002084,0.000059
39.299670,hybrid_plane_surface,474,241,0.016788,0.019385,0.102829,0.016788,0.019385,0.102829,0.918501,0.087625,0.267248,0.157047,0.921676,0.996874,0.004233,0.508439,0.001677,0.000020,0.002233,0.000017
39.399511,hybrid_plane_surface,379,189,0.014970,0.014667,0.113504,0.014970,0.014667,0.113504,0.926124,0.072109,0.254980,0.150346,0.855335,0.997599,0.002801,0.498681,0.001256,0.000015,0.001889,0.000027
39.499744,hybrid_plane_surface,296,135,0.014088,0.014687,0.086398,0.014088,0.014687,0.086398,0.926108,0.069935,0.280414,0.171292,0.856079,0.996850,0.003778,0.456081,0.001210,0.000012,0.001650,0.000057
39.599582,hybrid_plane_surface,248,105,0.017379,0.020297,0.157187,0.017379,0.020297,0.157187,0.911676,0.088735,0.274739,0.180130,1.084238,0.996362,0.003815,0.423387,0.000769,0.000009,0.001172,0.000014
39.699426,hybrid_plane_surface,190,66,0.015981,0.017880,0.131345,0.015981,0.017880,0.131345,0.916412,0.084647,0.296650,0.203195,1.055575,0.996236,0.004134,0.347368,0.000697,0.000007,0.000986,0.000021
39.800053,hybrid_plane_surface,185,61,0.019196,0.016041,0.070194,0.019196,0.016041,0.070194,0.902567,0.071194,0.317860,0.220026,1.062257,0.996693,0.003226,0.329730,0.000605,0.000007,0.000945,0.000012
39.899903,hybrid_plane_surface,217,82,0.021713,0.027820,0.159018,0.021713,0.027820,0.159018,0.892885,0.120443,0.292583,0.174404,0.974853,0.995911,0.004209,0.377880,0.000624,0.000008,0.000908,0.000007
39.999749,hybrid_plane_surface,269,112,0.020735,0.021446,0.138532,0.020735,0.021446,0.138532,0.896409,0.093228,0.277968,0.194487,1.044266,0.996547,0.004038,0.416357,0.001126,0.000011,0.001483,0.000017
40.099587,hybrid_plane_surface,297,142,0.016748,0.017832,0.112303,0.016748,0.017832,0.112303,0.914034,0.086550,0.295104,0.203949,1.190267,0.997200,0.003778,0.478114,0.000861,0.000016,0.001116,0.000015
40.199434,hybrid_plane_surface,397,195,0.024007,0.025757,0.145438,0.024007,0.025757,0.145438,0.887869,0.110806,0.282343,0.198763,1.028011,0.996394,0.004162,0.491184,0.001566,0.000016,0.001872,0.000017
40.299675,hybrid_plane_surface,469,247,0.022582,0.023919,0.147499,0.022582,0.023919,0.147499,0.894625,0.100324,0.299182,0.197987,1.040105,0.996389,0.004316,0.526652,0.001575,0.000023,0.002059,0.000100
40.399514,hybrid_plane_surface,561,293,0.019811,0.022619,0.153214,0.019811,0.022619,0.153214,0.908025,0.092240,0.310801,0.191874,1.228972,0.996731,0.003758,0.522282,0.002157,0.000027,0.002571,0.000023
40.499733,hybrid_plane_surface,652,295,0.019797,0.022970,0.177799,0.019797,0.022970,0.177799,0.911404,0.089305,0.306336,0.191301,1.085171,0.996374,0.003922,0.452454,0.001923,0.000026,0.002897,0.000039
40.599575,hybrid_plane_surface,678,288,0.022439,0.025149,0.185299,0.022439,0.025149,0.185299,0.904025,0.094846,0.307360,0.214401,1.198486,0.996922,0.003499,0.424779,0.002198,0.000020,0.003241,0.000033
40.699414,hybrid_plane_surface,628,258,0.021407,0.023757,0.200441,0.021407,0.023757,0.200441,0.908888,0.088786,0.307245,0.212992,1.236222,0.996650,0.003762,0.410828,0.001896,0.000019,0.003049,0.000056
40.800047,hybrid_plane_surface,479,174,0.019468,0.019649,0.103621,0.019468,0.019649,0.103621,0.915489,0.082381,0.329486,0.233088,1.205400,0.997160,0.002691,0.363257,0.001437,0.000015,0.001957,0.000036
40.899890,hybrid_plane_surface,324,133,0.024220,0.023020,0.135167,0.024220,0.023020,0.135167,0.895372,0.095396,0.351454,0.251400,1.316998,0.996309,0.004248,0.410494,0.001162,0.000014,0.001596,0.000035
40.999728,hybrid_plane_surface,184,83,0.021866,0.026087,0.134853,0.021866,0.026087,0.134853,0.899092,0.110434,0.369440,0.247388,1.530073,0.996797,0.004809,0.451087,0.000651,0.000009,0.000929,0.000014
41.099574,hybrid_plane_surface,173,66,0.020334,0.021216,0.097280,0.020334,0.021216,0.097280,0.899979,0.094954,0.366363,0.202198,1.075652,0.997067,0.004982,0.381503,0.000687,0.000006,0.001033,0.000018
41.199407,hybrid_plane_surface,174,73,0.025131,0.023994,0.113046,0.025131,0.023994,0.113046,0.886523,0.099151,0.355825,0.248170,1.437963,0.997098,0.004024,0.419540,0.000657,0.000008,0.000955,0.000013
41.300048,hybrid_plane_surface,175,66,0.021202,0.020949,0.110170,0.021202,0.020949,0.110170,0.898088,0.088265,0.392083,0.221432,1.022994,0.996238,0.005511,0.377143,0.000695,0.000006,0.001063,0.000019
41.399877,hybrid_plane_surface,199,91,0.020635,0.018293,0.083840,0.020635,0.018293,0.083840,0.906048,0.076707,0.337775,0.194739,1.008680,0.997111,0.004176,0.457286,0.000756,0.000007,0.001153,0.000011
41.499717,hybrid_plane_surface,198,74,0.023553,0.031176,0.202556,0.023553,0.031176,0.202556,0.897054,0.108544,0.345606,0.226557,1.149377,0.996966,0.003915,0.373737,0.000667,0.000008,0.001051,0.000005
41.599540,hybrid_plane_surface,218,92,0.020174,0.019536,0.096163,0.020174,0.019536,0.096163,0.909701,0.081900,0.336162,0.220051,1.030150,0.996734,0.004409,0.422018,0.000811,0.000010,0.001160,0.000007
41.699386,hybrid_plane_surface,235,113,0.022844,0.023183,0.127039,0.022844,0.023183,0.127039,0.897380,0.097182,0.313053,0.185142,0.854988,0.997264,0.003978,0.480851,0.001004,0.000011,0.001334,0.000005
41.800011,hybrid_plane_surface,244,114,0.020801,0.019222,0.094496,0.020801,0.019222,0.094496,0.905405,0.089188,0.334080,0.185689,1.003214,0.997032,0.003530,0.467213,0.001012,0.000011,0.001407,0.000010
41.899853,hybrid_plane_surface,233,92,0.023464,0.023964,0.120983,0.023464,0.023964,0.120983,0.899967,0.093699,0.320498,0.211133,0.914380,0.996936,0.004373,0.394850,0.000879,0.000009,0.001285,0.000016
41.999702,hybrid_plane_surface,261,124,0.017064,0.017824,0.128561,0.017064,0.017824,0.128561,0.921915,0.072959,0.345823,0.234216,1.130315,0.997017,0.004863,0.475096,0.001163,0.000015,0.001511,0.000010
42.099534,hybrid_plane_surface,265,120,0.019002,0.020932,0.123730,0.019002,0.020932,0.123730,0.916670,0.077154,0.317574,0.226369,1.435690,0.996729,0.004826,0.452830,0.000935,0.000011,0.001357,0.000006
42.199379,hybrid_plane_surface,258,123,0.018331,0.018246,0.103948,0.018331,0.018246,0.103948,0.916563,0.078727,0.328127,0.209115,1.077115,0.997256,0.003975,0.476744,0.000895,0.000012,0.001353,0.000008
42.300021,hybrid_plane_surface,279,133,0.017335,0.016449,0.079930,0.017335,0.016449,0.079930,0.920162,0.065701,0.340917,0.250320,1.903891,0.997015,0.004319,0.476703,0.001006,0.000015,0.001448,0.000004
42.399867,hybrid_plane_surface,264,123,0.017638,0.016571,0.086184,0.017638,0.016571,0.086184,0.921225,0.063592,0.329676,0.207941,1.013263,0.996906,0.004149,0.465909,0.000916,0.000013,0.001332,0.000009
42.499703,hybrid_plane_surface,269,136,0.016558,0.016260,0.101194,0.016558,0.016260,0.101194,0.925241,0.061240,0.330772,0.184578,0.947210,0.996608,0.005158,0.505576,0.001048,0.000010,0.001568,0.000004
42.599533,hybrid_plane_surface,266,124,0.016105,0.015754,0.113739,0.016105,0.015754,0.113739,0.926087,0.065446,0.312230,0.191793,1.058751,0.997088,0.004141,0.466165,0.001138,0.000014,0.001576,0.000004
42.699364,hybrid_plane_surface,274,136,0.014822,0.013601,0.076774,0.014822,0.013601,0.076774,0.930788,0.056386,0.333639,0.206994,0.947504,0.997017,0.004591,0.496350,0.001078,0.000011,0.001612,0.000003
42.800000,hybrid_plane_surface,262,124,0.016371,0.017108,0.130466,0.016371,0.017108,0.130466,0.926334,0.059041,0.329314,0.193843,0.883264,0.996488,0.005383,0.473282,0.001110,0.000014,0.001548,0.000006
42.899839,hybrid_plane_surface,256,128,0.016664,0.014799,0.079157,0.016664,0.014799,0.079157,0.924808,0.061077,0.323116,0.199296,1.038270,0.997329,0.003809,0.500000,0.001048,0.000011,0.001576,0.000038
42.999676,hybrid_plane_surface,262,126,0.016327,0.014230,0.088585,0.016327,0.014230,0.088585,0.926042,0.060030,0.312447,0.186872,0.881857,0.997209,0.004033,0.480916,0.001052,0.000010,0.001517,0.000007
43.099509,hybrid_plane_surface,250,114,0.016421,0.015167,0.106558,0.016421,0.015167,0.106558,0.924080,0.063797,0.336846,0.191683,0.915907,0.996382,0.005266,0.456000,0.000886,0.000011,0.001366,0.000008
43.199359,hybrid_plane_surface,264,134,0.014892,0.013415,0.081495,0.014892,0.013415,0.081495,0.931265,0.048870,0.351901,0.207358,1.099881,0.996996,0.004169,0.507576,0.001121,0.000013,0.001493,0.000008
43.299997,hybrid_plane_surface,262,119,0.015768,0.016607,0.108440,0.015768,0.016607,0.108440,0.926899,0.068426,0.311089,0.171672,0.949895,0.997499,0.002905,0.454198,0.000982,0.000012,0.001428,0.000004
43.399835,hybrid_plane_surface,275,133,0.016224,0.016280,0.086154,0.016224,0.016280,0.086154,0.924125,0.069886,0.329314,0.220173,0.997289,0.996745,0.004841,0.483636,0.001127,0.000011,0.001566,0.000011
43.499667,hybrid_plane_surface,267,129,0.014910,0.014261,0.068681,0.014910,0.014261,0.068681,0.930002,0.059223,0.334499,0.209187,1.103902,0.997171,0.004077,0.483146,0.001195,0.000014,0.001558,0.000004
43.599512,hybrid_plane_surface,267,125,0.017771,0.016693,0.098338,0.017771,0.016693,0.098338,0.920004,0.067911,0.289521,0.191276,1.227611,0.996647,0.004667,0.468165,0.001109,0.000011,0.001381,0.000004
43.699741,hybrid_plane_surface,268,130,0.015231,0.014291,0.084499,0.015231,0.014291,0.084499,0.928165,0.058943,0.330470,0.219698,1.158018,0.996866,0.004551,0.485075,0.000861,0.000009,0.001298,0.000005
43.799584,hybrid_plane_surface,263,122,0.017299,0.016284,0.084938,0.017299,0.016284,0.084938,0.920745,0.067609,0.316612,0.197603,0.938844,0.996975,0.004615,0.463878,0.000960,0.000012,0.001334,0.000003
43.899422,hybrid_plane_surface,269,136,0.015142,0.012803,0.080061,0.015142,0.012803,0.080061,0.930942,0.052297,0.320112,0.207015,1.011141,0.996950,0.004495,0.505576,0.001031,0.000008,0.001425,0.000016
44.000062,hybrid_plane_surface,266,123,0.016428,0.016523,0.098040,0.016428,0.016523,0.098040,0.926076,0.060961,0.291920,0.182449,0.846766,0.996693,0.004822,0.462406,0.000823,0.000010,0.001360,0.000003
44.099876,hybrid_plane_surface,256,126,0.017505,0.015933,0.073026,0.017505,0.015933,0.073026,0.920264,0.066296,0.325334,0.227226,1.150126,0.997114,0.004167,0.492188,0.001028,0.000010,0.001504,0.000003
44.199729,hybrid_plane_surface,266,123,0.015909,0.014312,0.085473,0.015909,0.014312,0.085473,0.925669,0.060280,0.326950,0.242044,1.777884,0.997030,0.005107,0.462406,0.000771,0.000010,0.001226,0.000007
44.299582,hybrid_plane_surface,263,118,0.016850,0.016813,0.128039,0.016850,0.016813,0.128039,0.922372,0.068234,0.344951,0.213664,1.259306,0.996438,0.005215,0.448669,0.000921,0.000010,0.001389,0.000010
44.399414,hybrid_plane_surface,263,127,0.015146,0.014809,0.120063,0.015146,0.014809,0.120063,0.928744,0.062881,0.341070,0.214229,1.173237,0.996860,0.004975,0.482890,0.000841,0.000010,0.001343,0.000004
44.500042,hybrid_plane_surface,268,123,0.016947,0.018232,0.120558,0.016947,0.018232,0.120558,0.923116,0.071076,0.307077,0.216312,1.302176,0.996899,0.004088,0.458955,0.000796,0.000010,0.001325,0.000017
44.599887,hybrid_plane_surface,262,124,0.015978,0.016432,0.080632,0.015978,0.016432,0.080632,0.925335,0.069186,0.358970,0.265474,1.345395,0.996851,0.004634,0.473282,0.001024,0.000010,0.001436,0.000009
44.699737,hybrid_plane_surface,270,132,0.016185,0.015327,0.075940,0.016185,0.015327,0.075940,0.926630,0.061040,0.310874,0.211945,1.188097,0.997100,0.004006,0.488889,0.001034,0.000010,0.001566,0.000011
44.799570,hybrid_plane_surface,269,125,0.015464,0.014755,0.095541,0.015464,0.014755,0.095541,0.929803,0.058053,0.337811,0.228674,1.105822,0.997467,0.003323,0.464684,0.000980,0.000013,0.001379,0.000033
44.899413,hybrid_plane_surface,274,131,0.014198,0.013742,0.080841,0.014198,0.013742,0.080841,0.933980,0.053396,0.358146,0.223409,1.092523,0.997311,0.004223,0.478102,0.001067,0.000011,0.001573,0.000000
45.000052,hybrid_plane_surface,272,123,0.016355,0.017071,0.107526,0.016355,0.017071,0.107526,0.925190,0.069396,0.350210,0.224601,1.083546,0.996882,0.004311,0.452206,0.000688,0.000008,0.001060,0.000008
45.099892,hybrid_plane_surface,273,144,0.013297,0.011639,0.059440,0.013297,0.011639,0.059440,0.936586,0.047783,0.335801,0.217540,1.091221,0.997059,0.004352,0.527473,0.000817,0.000011,0.001301,0.000003
45.199735,hybrid_plane_surface,257,116,0.016071,0.016126,0.113224,0.016071,0.016126,0.113224,0.928089,0.057019,0.324047,0.204774,0.915726,0.996693,0.004804,0.451362,0.000931,0.000010,0.001376,0.000009
45.299581,hybrid_plane_surface,258,132,0.017349,0.014950,0.076062,0.017349,0.014950,0.076062,0.922328,0.060870,0.334750,0.220929,1.118038,0.997260,0.003679,0.511628,0.001135,0.000014,0.001500,0.000007
45.399420,hybrid_plane_surface,260,121,0.017350,0.014327,0.081748,0.017350,0.014327,0.081748,0.921378,0.058196,0.340121,0.212028,1.442186,0.997072,0.004648,0.465385,0.000779,0.000008,0.001197,0.000001
45.500050,hybrid_plane_surface,255,114,0.015431,0.012337,0.073803,0.015431,0.012337,0.073803,0.922565,0.054825,0.350248,0.249171,1.550703,0.995517,0.007707,0.447059,0.000806,0.000009,0.001315,0.000008
45.599894,hybrid_plane_surface,263,129,0.015587,0.013543,0.080850,0.015587,0.013543,0.080850,0.928927,0.054155,0.352386,0.210410,1.261869,0.997169,0.004050,0.490494,0.000780,0.000010,0.001222,0.000004
45.699722,hybrid_plane_surface,262,117,0.016251,0.014619,0.072407,0.016251,0.014619,0.072407,0.925998,0.057879,0.315544,0.201456,1.153217,0.997161,0.003727,0.446565,0.000999,0.000010,0.001510,0.000005
45.799565,hybrid_plane_surface,273,130,0.017981,0.015186,0.071824,0.017981,0.015186,0.071824,0.916600,0.064993,0.348313,0.234453,1.001528,0.996140,0.006551,0.476190,0.001049,0.000013,0.001424,0.000006
45.899405,hybrid_plane_surface,272,130,0.017251,0.019321,0.111123,0.017251,0.019321,0.111123,0.920733,0.079797,0.324181,0.213825,1.077175,0.996829,0.004767,0.477941,0.000809,0.000010,0.001257,0.000004
46.000038,hybrid_plane_surface,265,136,0.016295,0.015678,0.107231,0.016295,0.015678,0.107231,0.923059,0.066273,0.349274,0.256839,1.826429,0.996473,0.006494,0.513208,0.000866,0.000011,0.001332,0.000006
46.099865,hybrid_plane_surface,279,137,0.016669,0.015973,0.075931,0.016669,0.015973,0.075931,0.924794,0.063992,0.344626,0.217777,1.050266,0.996955,0.004616,0.491039,0.001089,0.000010,0.001499,0.000008
46.199707,hybrid_plane_surface,276,131,0.017695,0.018010,0.099545,0.017695,0.018010,0.099545,0.918703,0.071908,0.338749,0.218136,1.197137,0.996288,0.006266,0.474638,0.000890,0.000013,0.001298,0.000004
46.299540,hybrid_plane_surface,270,137,0.015616,0.015554,0.085526,0.015616,0.015554,0.085526,0.928824,0.060621,0.343089,0.224334,1.096227,0.997132,0.003998,0.507407,0.000803,0.000010,0.001333,0.000007
46.399383,hybrid_plane_surface,264,129,0.013546,0.011434,0.051332,0.013546,0.011434,0.051332,0.933102,0.049562,0.355740,0.234218,1.551622,0.995915,0.006801,0.488636,0.000885,0.000014,0.001289,0.000002
46.500023,hybrid_plane_surface,257,123,0.016415,0.014628,0.071190,0.016415,0.014628,0.071190,0.925728,0.061187,0.326784,0.192540,1.011868,0.997697,0.002606,0.478599,0.000797,0.000010,0.001241,0.000010
46.599866,hybrid_plane_surface,254,125,0.017097,0.015455,0.093619,0.017097,0.015455,0.093619,0.920663,0.065633,0.323729,0.196982,0.852817,0.996223,0.007014,0.492126,0.000762,0.000010,0.001257,0.000006
46.699710,hybrid_plane_surface,249,120,0.016196,0.015567,0.080310,0.016196,0.015567,0.080310,0.923623,0.064803,0.342926,0.211929,0.945569,0.996643,0.004959,0.481928,0.000948,0.000009,0.001391,0.000011
46.799543,hybrid_plane_surface,260,131,0.016247,0.015424,0.091828,0.016247,0.015424,0.091828,0.924582,0.061357,0.358452,0.240766,1.305033,0.996778,0.005244,0.503846,0.000857,0.000010,0.001338,0.000002
46.899392,hybrid_plane_surface,267,124,0.018034,0.019517,0.117975,0.018034,0.019517,0.117975,0.918183,0.075221,0.317311,0.209275,1.342038,0.996342,0.006335,0.464419,0.001003,0.000010,0.001493,0.000010
47.000030,hybrid_plane_surface,264,127,0.016822,0.013555,0.072459,0.016822,0.013555,0.072459,0.921300,0.058897,0.322663,0.209793,1.001338,0.995759,0.006987,0.481061,0.000964,0.000013,0.001365,0.000008
47.099864,hybrid_plane_surface,273,135,0.016591,0.015591,0.082031,0.016591,0.015591,0.082031,0.923212,0.064672,0.337522,0.203746,1.025735,0.996830,0.004707,0.494505,0.001101,0.000010,0.001478,0.000004
47.199699,hybrid_plane_surface,270,130,0.015858,0.015022,0.103641,0.015858,0.015022,0.103641,0.925366,0.065580,0.337701,0.218941,1.092196,0.996730,0.005965,0.481481,0.001012,0.000009,0.001433,0.000004
47.299527,hybrid_plane_surface,268,128,0.015540,0.014579,0.098783,0.015540,0.014579,0.098783,0.928603,0.057335,0.343036,0.203406,1.161375,0.997164,0.004736,0.477612,0.001066,0.000010,0.001481,0.000004
47.399361,hybrid_plane_surface,269,117,0.018074,0.016420,0.091795,0.018074,0.016420,0.091795,0.917862,0.063152,0.351166,0.230188,1.468679,0.996326,0.005047,0.434944,0.000956,0.000012,0.001448,0.000005
47.500008,hybrid_plane_surface,271,140,0.014441,0.013581,0.075871,0.014441,0.013581,0.075871,0.932057,0.052517,0.355574,0.204722,0.984383,0.996959,0.004194,0.516605,0.000968,0.000015,0.001397,0.000010
47.599861,hybrid_plane_surface,267,117,0.015860,0.013106,0.057925,0.015860,0.013106,0.057925,0.924033,0.056132,0.334812,0.200189,0.833938,0.996296,0.006030,0.438202,0.000841,0.000009,0.001355,0.000004
47.699718,hybrid_plane_surface,260,124,0.016691,0.015475,0.098974,0.016691,0.015475,0.098974,0.923011,0.064959,0.348423,0.229634,1.028167,0.997371,0.003350,0.476923,0.000873,0.000013,0.001315,0.000003
47.799555,hybrid_plane_surface,263,132,0.015504,0.014870,0.079377,0.015504,0.014870,0.079377,0.925450,0.062729,0.333470,0.201591,0.913708,0.995856,0.007189,0.501901,0.000737,0.000011,0.001116,0.000006
47.899397,hybrid_plane_surface,253,125,0.018192,0.014500,0.087110,0.018192,0.014500,0.087110,0.916375,0.062592,0.337453,0.253281,1.750383,0.996650,0.005030,0.494071,0.000813,0.000010,0.001210,0.000000
48.000042,hybrid_plane_surface,264,135,0.015286,0.016956,0.126712,0.015286,0.016956,0.126712,0.931253,0.065325,0.336488,0.184768,0.786527,0.997136,0.004173,0.511364,0.000841,0.000009,0.001223,0.000006
48.099874,hybrid_plane_surface,270,124,0.018068,0.017431,0.102365,0.018068,0.017431,0.102365,0.915876,0.074034,0.347763,0.270705,2.336569,0.996064,0.007693,0.459259,0.001127,0.000010,0.001583,0.000008
48.199715,hybrid_plane_surface,268,138,0.016694,0.016783,0.112246,0.016694,0.016783,0.112246,0.924538,0.064743,0.351679,0.226368,1.636881,0.996430,0.005968,0.514925,0.000734,0.000009,0.001152,0.000003
48.299555,hybrid_plane_surface,270,126,0.015886,0.015752,0.095498,0.015886,0.015752,0.095498,0.925569,0.061651,0.351930,0.232595,1.597470,0.996232,0.006613,0.466667,0.000878,0.000008,0.001249,0.000008
48.399387,hybrid_plane_surface,256,128,0.015938,0.016463,0.125553,0.015938,0.016463,0.125553,0.924313,0.073687,0.338617,0.232534,1.628810,0.996843,0.005154,0.500000,0.000985,0.000011,0.001600,0.000009
48.500028,hybrid_plane_surface,262,129,0.014438,0.014383,0.073456,0.014438,0.014383,0.073456,0.931810,0.058776,0.332166,0.213773,1.071590,0.996654,0.005613,0.492366,0.000987,0.000014,0.001465,0.000011
48.599868,hybrid_plane_surface,257,117,0.015302,0.015542,0.100982,0.015302,0.015542,0.100982,0.926769,0.068570,0.321883,0.222368,1.062243,0.996802,0.005169,0.455253,0.000791,0.000009,0.001307,0.000002
48.699708,hybrid_plane_surface,271,124,0.016538,0.016681,0.110965,0.016538,0.016681,0.110965,0.924538,0.069496,0.337102,0.214132,1.077820,0.997009,0.004943,0.457565,0.001334,0.000016,0.001757,0.000003
48.799546,hybrid_plane_surface,250,108,0.017232,0.014231,0.064139,0.017232,0.014231,0.064139,0.921494,0.058740,0.318434,0.227691,1.330881,0.996525,0.005343,0.432000,0.000898,0.000010,0.001321,0.000007
48.899388,hybrid_plane_surface,269,133,0.016230,0.018800,0.099845,0.016230,0.018800,0.099845,0.924347,0.079674,0.344306,0.222008,1.089100,0.996875,0.005205,0.494424,0.001047,0.000013,0.001453,0.000000
